Setting,Model,Method,Length,OutputLength
formal,deepseek-v3.2-cloud,at-most,16,8
formal,deepseek-v3.2-cloud,at-most,16,11
formal,deepseek-v3.2-cloud,at-most,16,14
formal,deepseek-v3.2-cloud,at-most,16,11
formal,deepseek-v3.2-cloud,at-most,16,12
formal,deepseek-v3.2-cloud,at-most,16,13
formal,deepseek-v3.2-cloud,at-most,16,16
formal,deepseek-v3.2-cloud,at-most,16,16
formal,deepseek-v3.2-cloud,at-most,16,16
formal,deepseek-v3.2-cloud,at-most,16,15
formal,deepseek-v3.2-cloud,at-most,16,17
formal,deepseek-v3.2-cloud,at-most,16,12
formal,deepseek-v3.2-cloud,at-most,16,11
formal,deepseek-v3.2-cloud,at-most,16,9
formal,deepseek-v3.2-cloud,at-most,16,17
formal,deepseek-v3.2-cloud,at-most,16,12
formal,deepseek-v3.2-cloud,at-most,16,11
formal,deepseek-v3.2-cloud,at-most,16,15
formal,deepseek-v3.2-cloud,at-most,16,9
formal,deepseek-v3.2-cloud,at-most,16,14
formal,deepseek-v3.2-cloud,at-most,16,10
formal,deepseek-v3.2-cloud,at-most,16,15
formal,deepseek-v3.2-cloud,at-most,16,10
formal,deepseek-v3.2-cloud,at-most,16,12
formal,deepseek-v3.2-cloud,at-most,16,16
formal,deepseek-v3.2-cloud,at-most,16,14
formal,deepseek-v3.2-cloud,at-most,16,10
formal,deepseek-v3.2-cloud,at-most,16,12
formal,deepseek-v3.2-cloud,at-most,16,12
formal,deepseek-v3.2-cloud,at-most,16,14
formal,deepseek-v3.2-cloud,at-most,16,14
formal,deepseek-v3.2-cloud,at-most,16,17
formal,deepseek-v3.2-cloud,at-most,16,12
formal,deepseek-v3.2-cloud,at-most,16,11
formal,deepseek-v3.2-cloud,at-most,16,16
formal,deepseek-v3.2-cloud,at-most,16,13
formal,deepseek-v3.2-cloud,at-most,16,15
formal,deepseek-v3.2-cloud,at-most,16,12
formal,deepseek-v3.2-cloud,at-most,16,14
formal,deepseek-v3.2-cloud,at-most,16,15
formal,deepseek-v3.2-cloud,at-most,16,13
formal,deepseek-v3.2-cloud,at-most,16,11
formal,deepseek-v3.2-cloud,at-most,16,15
formal,deepseek-v3.2-cloud,at-most,16,12
formal,deepseek-v3.2-cloud,at-most,16,16
formal,deepseek-v3.2-cloud,at-most,16,16
formal,deepseek-v3.2-cloud,at-most,16,15
formal,deepseek-v3.2-cloud,at-most,16,9
formal,deepseek-v3.2-cloud,at-most,16,12
formal,deepseek-v3.2-cloud,at-most,16,16
formal,deepseek-v3.2-cloud,at-most,16,13
formal,deepseek-v3.2-cloud,at-most,16,16
formal,deepseek-v3.2-cloud,at-most,16,16
formal,deepseek-v3.2-cloud,at-most,16,12
formal,deepseek-v3.2-cloud,at-most,16,14
formal,deepseek-v3.2-cloud,at-most,16,20
formal,deepseek-v3.2-cloud,at-most,16,16
formal,deepseek-v3.2-cloud,at-most,16,16
formal,deepseek-v3.2-cloud,at-most,16,14
formal,deepseek-v3.2-cloud,at-most,16,11
formal,deepseek-v3.2-cloud,at-most,16,13
formal,deepseek-v3.2-cloud,at-most,16,12
formal,deepseek-v3.2-cloud,at-most,16,12
formal,deepseek-v3.2-cloud,at-most,16,12
formal,deepseek-v3.2-cloud,at-most,16,12
formal,deepseek-v3.2-cloud,at-most,16,16
formal,deepseek-v3.2-cloud,at-most,16,16
formal,deepseek-v3.2-cloud,at-most,16,10
formal,deepseek-v3.2-cloud,at-most,16,13
formal,deepseek-v3.2-cloud,at-most,16,7
formal,deepseek-v3.2-cloud,at-most,16,10
formal,deepseek-v3.2-cloud,at-most,16,9
formal,deepseek-v3.2-cloud,at-most,16,14
formal,deepseek-v3.2-cloud,at-most,16,15
formal,deepseek-v3.2-cloud,at-most,16,11
formal,deepseek-v3.2-cloud,at-most,16,12
formal,deepseek-v3.2-cloud,at-most,16,11
formal,deepseek-v3.2-cloud,at-most,16,13
formal,deepseek-v3.2-cloud,at-most,16,7
formal,deepseek-v3.2-cloud,at-most,16,12
formal,deepseek-v3.2-cloud,at-most,16,16
formal,deepseek-v3.2-cloud,at-most,16,14
formal,deepseek-v3.2-cloud,at-most,16,10
formal,deepseek-v3.2-cloud,at-most,16,11
formal,deepseek-v3.2-cloud,at-most,16,10
formal,deepseek-v3.2-cloud,at-most,16,13
formal,deepseek-v3.2-cloud,at-most,16,15
formal,deepseek-v3.2-cloud,at-most,16,9
formal,deepseek-v3.2-cloud,at-most,16,13
formal,deepseek-v3.2-cloud,at-most,16,11
formal,deepseek-v3.2-cloud,at-most,16,11
formal,deepseek-v3.2-cloud,at-most,16,11
formal,deepseek-v3.2-cloud,at-most,16,12
formal,deepseek-v3.2-cloud,at-most,16,10
formal,deepseek-v3.2-cloud,at-most,16,10
formal,deepseek-v3.2-cloud,at-most,16,11
formal,deepseek-v3.2-cloud,at-most,16,11
formal,deepseek-v3.2-cloud,at-most,16,11
formal,deepseek-v3.2-cloud,at-most,16,13
formal,deepseek-v3.2-cloud,at-most,16,10
formal,deepseek-v3.2-cloud,at-most,16,10
formal,deepseek-v3.2-cloud,at-most,16,11
formal,deepseek-v3.2-cloud,at-most,16,12
formal,deepseek-v3.2-cloud,at-most,16,11
formal,deepseek-v3.2-cloud,at-most,16,9
formal,deepseek-v3.2-cloud,at-most,16,11
formal,deepseek-v3.2-cloud,at-most,16,10
formal,deepseek-v3.2-cloud,at-most,16,11
formal,deepseek-v3.2-cloud,at-most,16,16
formal,deepseek-v3.2-cloud,at-most,16,18
formal,deepseek-v3.2-cloud,at-most,16,11
formal,deepseek-v3.2-cloud,at-most,16,14
formal,deepseek-v3.2-cloud,at-most,16,11
formal,deepseek-v3.2-cloud,at-most,16,9
formal,deepseek-v3.2-cloud,at-most,16,11
formal,deepseek-v3.2-cloud,at-most,16,12
formal,deepseek-v3.2-cloud,at-most,16,8
formal,deepseek-v3.2-cloud,at-most,16,14
formal,deepseek-v3.2-cloud,at-most,16,9
formal,deepseek-v3.2-cloud,at-most,16,10
formal,deepseek-v3.2-cloud,at-most,16,13
formal,deepseek-v3.2-cloud,at-most,16,11
formal,deepseek-v3.2-cloud,at-most,16,9
formal,deepseek-v3.2-cloud,at-most,16,10
formal,deepseek-v3.2-cloud,at-most,16,9
formal,deepseek-v3.2-cloud,at-most,16,13
formal,deepseek-v3.2-cloud,at-most,16,4
formal,deepseek-v3.2-cloud,at-most,16,11
formal,deepseek-v3.2-cloud,at-most,16,10
formal,deepseek-v3.2-cloud,at-most,16,10
formal,deepseek-v3.2-cloud,at-most,16,13
formal,deepseek-v3.2-cloud,at-most,16,8
formal,deepseek-v3.2-cloud,at-most,16,8
formal,deepseek-v3.2-cloud,at-most,16,10
formal,deepseek-v3.2-cloud,at-most,16,16
formal,deepseek-v3.2-cloud,at-most,16,9
formal,deepseek-v3.2-cloud,at-most,16,15
formal,deepseek-v3.2-cloud,at-most,16,12
formal,deepseek-v3.2-cloud,at-most,16,13
formal,deepseek-v3.2-cloud,at-most,16,7
formal,deepseek-v3.2-cloud,at-most,16,13
formal,deepseek-v3.2-cloud,at-most,16,15
formal,deepseek-v3.2-cloud,at-most,16,14
formal,deepseek-v3.2-cloud,at-most,16,9
formal,deepseek-v3.2-cloud,at-most,16,14
formal,deepseek-v3.2-cloud,at-most,16,12
formal,deepseek-v3.2-cloud,at-most,16,16
formal,deepseek-v3.2-cloud,at-most,16,9
formal,deepseek-v3.2-cloud,at-most,16,9
formal,deepseek-v3.2-cloud,at-most,16,11
formal,deepseek-v3.2-cloud,at-most,16,8
formal,deepseek-v3.2-cloud,at-most,16,8
formal,deepseek-v3.2-cloud,at-most,16,9
formal,deepseek-v3.2-cloud,at-most,16,11
formal,deepseek-v3.2-cloud,at-most,16,14
formal,deepseek-v3.2-cloud,at-most,16,11
formal,deepseek-v3.2-cloud,at-most,16,6
formal,deepseek-v3.2-cloud,at-most,16,11
formal,deepseek-v3.2-cloud,at-most,16,13
formal,deepseek-v3.2-cloud,at-most,16,14
formal,deepseek-v3.2-cloud,at-most,16,10
formal,deepseek-v3.2-cloud,at-most,16,12
formal,deepseek-v3.2-cloud,at-most,16,16
formal,deepseek-v3.2-cloud,at-most,16,9
formal,deepseek-v3.2-cloud,at-most,16,12
formal,deepseek-v3.2-cloud,at-most,16,13
formal,deepseek-v3.2-cloud,at-most,16,12
formal,deepseek-v3.2-cloud,at-most,16,9
formal,deepseek-v3.2-cloud,at-most,16,13
formal,deepseek-v3.2-cloud,at-most,16,16
formal,deepseek-v3.2-cloud,at-most,16,12
formal,deepseek-v3.2-cloud,at-most,16,10
formal,deepseek-v3.2-cloud,at-most,16,12
formal,deepseek-v3.2-cloud,at-most,16,13
formal,deepseek-v3.2-cloud,at-most,16,10
formal,deepseek-v3.2-cloud,at-most,16,10
formal,deepseek-v3.2-cloud,at-most,16,14
formal,deepseek-v3.2-cloud,at-most,16,9
formal,deepseek-v3.2-cloud,at-most,16,10
formal,deepseek-v3.2-cloud,at-most,16,17
formal,deepseek-v3.2-cloud,at-least,16,26
formal,deepseek-v3.2-cloud,at-least,16,63
formal,deepseek-v3.2-cloud,at-least,16,67
formal,deepseek-v3.2-cloud,at-least,16,40
formal,deepseek-v3.2-cloud,at-least,16,128
formal,deepseek-v3.2-cloud,at-least,16,36
formal,deepseek-v3.2-cloud,at-least,16,44
formal,deepseek-v3.2-cloud,at-least,16,35
formal,deepseek-v3.2-cloud,at-least,16,110
formal,deepseek-v3.2-cloud,at-least,16,46
formal,deepseek-v3.2-cloud,at-least,16,60
formal,deepseek-v3.2-cloud,at-least,16,157
formal,deepseek-v3.2-cloud,at-least,16,38
formal,deepseek-v3.2-cloud,at-least,16,75
formal,deepseek-v3.2-cloud,at-least,16,85
formal,deepseek-v3.2-cloud,at-least,16,52
formal,deepseek-v3.2-cloud,at-least,16,31
formal,deepseek-v3.2-cloud,at-least,16,64
formal,deepseek-v3.2-cloud,at-least,16,49
formal,deepseek-v3.2-cloud,at-least,16,51
formal,deepseek-v3.2-cloud,at-least,16,31
formal,deepseek-v3.2-cloud,at-least,16,38
formal,deepseek-v3.2-cloud,at-least,16,31
formal,deepseek-v3.2-cloud,at-least,16,112
formal,deepseek-v3.2-cloud,at-least,16,76
formal,deepseek-v3.2-cloud,at-least,16,37
formal,deepseek-v3.2-cloud,at-least,16,58
formal,deepseek-v3.2-cloud,at-least,16,29
formal,deepseek-v3.2-cloud,at-least,16,34
formal,deepseek-v3.2-cloud,at-least,16,24
formal,deepseek-v3.2-cloud,at-least,16,59
formal,deepseek-v3.2-cloud,at-least,16,90
formal,deepseek-v3.2-cloud,at-least,16,34
formal,deepseek-v3.2-cloud,at-least,16,24
formal,deepseek-v3.2-cloud,at-least,16,57
formal,deepseek-v3.2-cloud,at-least,16,64
formal,deepseek-v3.2-cloud,at-least,16,101
formal,deepseek-v3.2-cloud,at-least,16,70
formal,deepseek-v3.2-cloud,at-least,16,57
formal,deepseek-v3.2-cloud,at-least,16,56
formal,deepseek-v3.2-cloud,at-least,16,96
formal,deepseek-v3.2-cloud,at-least,16,38
formal,deepseek-v3.2-cloud,at-least,16,64
formal,deepseek-v3.2-cloud,at-least,16,19
formal,deepseek-v3.2-cloud,at-least,16,89
formal,deepseek-v3.2-cloud,at-least,16,54
formal,deepseek-v3.2-cloud,at-least,16,27
formal,deepseek-v3.2-cloud,at-least,16,37
formal,deepseek-v3.2-cloud,at-least,16,48
formal,deepseek-v3.2-cloud,at-least,16,33
formal,deepseek-v3.2-cloud,at-least,16,30
formal,deepseek-v3.2-cloud,at-least,16,70
formal,deepseek-v3.2-cloud,at-least,16,109
formal,deepseek-v3.2-cloud,at-least,16,35
formal,deepseek-v3.2-cloud,at-least,16,43
formal,deepseek-v3.2-cloud,at-least,16,73
formal,deepseek-v3.2-cloud,at-least,16,51
formal,deepseek-v3.2-cloud,at-least,16,88
formal,deepseek-v3.2-cloud,at-least,16,34
formal,deepseek-v3.2-cloud,at-least,16,34
formal,deepseek-v3.2-cloud,at-least,16,47
formal,deepseek-v3.2-cloud,at-least,16,39
formal,deepseek-v3.2-cloud,at-least,16,30
formal,deepseek-v3.2-cloud,at-least,16,33
formal,deepseek-v3.2-cloud,at-least,16,45
formal,deepseek-v3.2-cloud,at-least,16,34
formal,deepseek-v3.2-cloud,at-least,16,38
formal,deepseek-v3.2-cloud,at-least,16,29
formal,deepseek-v3.2-cloud,at-least,16,48
formal,deepseek-v3.2-cloud,at-least,16,24
formal,deepseek-v3.2-cloud,at-least,16,35
formal,deepseek-v3.2-cloud,at-least,16,26
formal,deepseek-v3.2-cloud,at-least,16,28
formal,deepseek-v3.2-cloud,at-least,16,31
formal,deepseek-v3.2-cloud,at-least,16,31
formal,deepseek-v3.2-cloud,at-least,16,32
formal,deepseek-v3.2-cloud,at-least,16,28
formal,deepseek-v3.2-cloud,at-least,16,70
formal,deepseek-v3.2-cloud,at-least,16,23
formal,deepseek-v3.2-cloud,at-least,16,29
formal,deepseek-v3.2-cloud,at-least,16,48
formal,deepseek-v3.2-cloud,at-least,16,27
formal,deepseek-v3.2-cloud,at-least,16,41
formal,deepseek-v3.2-cloud,at-least,16,25
formal,deepseek-v3.2-cloud,at-least,16,25
formal,deepseek-v3.2-cloud,at-least,16,25
formal,deepseek-v3.2-cloud,at-least,16,30
formal,deepseek-v3.2-cloud,at-least,16,39
formal,deepseek-v3.2-cloud,at-least,16,23
formal,deepseek-v3.2-cloud,at-least,16,30
formal,deepseek-v3.2-cloud,at-least,16,27
formal,deepseek-v3.2-cloud,at-least,16,27
formal,deepseek-v3.2-cloud,at-least,16,27
formal,deepseek-v3.2-cloud,at-least,16,36
formal,deepseek-v3.2-cloud,at-least,16,29
formal,deepseek-v3.2-cloud,at-least,16,27
formal,deepseek-v3.2-cloud,at-least,16,37
formal,deepseek-v3.2-cloud,at-least,16,43
formal,deepseek-v3.2-cloud,at-least,16,28
formal,deepseek-v3.2-cloud,at-least,16,26
formal,deepseek-v3.2-cloud,at-least,16,41
formal,deepseek-v3.2-cloud,at-least,16,24
formal,deepseek-v3.2-cloud,at-least,16,21
formal,deepseek-v3.2-cloud,at-least,16,29
formal,deepseek-v3.2-cloud,at-least,16,25
formal,deepseek-v3.2-cloud,at-least,16,23
formal,deepseek-v3.2-cloud,at-least,16,28
formal,deepseek-v3.2-cloud,at-least,16,34
formal,deepseek-v3.2-cloud,at-least,16,38
formal,deepseek-v3.2-cloud,at-least,16,46
formal,deepseek-v3.2-cloud,at-least,16,27
formal,deepseek-v3.2-cloud,at-least,16,20
formal,deepseek-v3.2-cloud,at-least,16,38
formal,deepseek-v3.2-cloud,at-least,16,22
formal,deepseek-v3.2-cloud,at-least,16,36
formal,deepseek-v3.2-cloud,at-least,16,63
formal,deepseek-v3.2-cloud,at-least,16,28
formal,deepseek-v3.2-cloud,at-least,16,25
formal,deepseek-v3.2-cloud,at-least,16,26
formal,deepseek-v3.2-cloud,at-least,16,41
formal,deepseek-v3.2-cloud,at-least,16,42
formal,deepseek-v3.2-cloud,at-least,16,28
formal,deepseek-v3.2-cloud,at-least,16,31
formal,deepseek-v3.2-cloud,at-least,16,25
formal,deepseek-v3.2-cloud,at-least,16,29
formal,deepseek-v3.2-cloud,at-least,16,23
formal,deepseek-v3.2-cloud,at-least,16,21
formal,deepseek-v3.2-cloud,at-least,16,24
formal,deepseek-v3.2-cloud,at-least,16,26
formal,deepseek-v3.2-cloud,at-least,16,32
formal,deepseek-v3.2-cloud,at-least,16,46
formal,deepseek-v3.2-cloud,at-least,16,30
formal,deepseek-v3.2-cloud,at-least,16,19
formal,deepseek-v3.2-cloud,at-least,16,37
formal,deepseek-v3.2-cloud,at-least,16,27
formal,deepseek-v3.2-cloud,at-least,16,27
formal,deepseek-v3.2-cloud,at-least,16,28
formal,deepseek-v3.2-cloud,at-least,16,28
formal,deepseek-v3.2-cloud,at-least,16,22
formal,deepseek-v3.2-cloud,at-least,16,34
formal,deepseek-v3.2-cloud,at-least,16,42
formal,deepseek-v3.2-cloud,at-least,16,30
formal,deepseek-v3.2-cloud,at-least,16,42
formal,deepseek-v3.2-cloud,at-least,16,27
formal,deepseek-v3.2-cloud,at-least,16,37
formal,deepseek-v3.2-cloud,at-least,16,32
formal,deepseek-v3.2-cloud,at-least,16,31
formal,deepseek-v3.2-cloud,at-least,16,38
formal,deepseek-v3.2-cloud,at-least,16,23
formal,deepseek-v3.2-cloud,at-least,16,37
formal,deepseek-v3.2-cloud,at-least,16,21
formal,deepseek-v3.2-cloud,at-least,16,24
formal,deepseek-v3.2-cloud,at-least,16,25
formal,deepseek-v3.2-cloud,at-least,16,26
formal,deepseek-v3.2-cloud,at-least,16,23
formal,deepseek-v3.2-cloud,at-least,16,28
formal,deepseek-v3.2-cloud,at-least,16,25
formal,deepseek-v3.2-cloud,at-least,16,26
formal,deepseek-v3.2-cloud,at-least,16,32
formal,deepseek-v3.2-cloud,at-least,16,23
formal,deepseek-v3.2-cloud,at-least,16,28
formal,deepseek-v3.2-cloud,at-least,16,21
formal,deepseek-v3.2-cloud,at-least,16,28
formal,deepseek-v3.2-cloud,at-least,16,26
formal,deepseek-v3.2-cloud,at-least,16,32
formal,deepseek-v3.2-cloud,at-least,16,38
formal,deepseek-v3.2-cloud,at-least,16,40
formal,deepseek-v3.2-cloud,at-least,16,18
formal,deepseek-v3.2-cloud,at-least,16,35
formal,deepseek-v3.2-cloud,at-least,16,29
formal,deepseek-v3.2-cloud,at-least,16,20
formal,deepseek-v3.2-cloud,at-least,16,29
formal,deepseek-v3.2-cloud,at-least,16,34
formal,deepseek-v3.2-cloud,at-least,16,21
formal,deepseek-v3.2-cloud,at-least,16,28
formal,deepseek-v3.2-cloud,at-least,16,25
formal,deepseek-v3.2-cloud,at-least,16,22
formal,deepseek-v3.2-cloud,at-least,16,23
formal,deepseek-v3.2-cloud,at-least,16,22
formal,deepseek-v3.2-cloud,at-least,16,29
threat,kimi-k2.6-cloud,at-least,16,140
threat,kimi-k2.6-cloud,at-least,16,64
threat,kimi-k2.6-cloud,at-least,16,58
threat,kimi-k2.6-cloud,at-least,16,16
threat,kimi-k2.6-cloud,at-least,16,70
threat,kimi-k2.6-cloud,at-least,16,16
threat,kimi-k2.6-cloud,at-least,16,66
threat,kimi-k2.6-cloud,at-least,16,16
threat,kimi-k2.6-cloud,at-least,16,119
threat,kimi-k2.6-cloud,at-least,16,16
threat,kimi-k2.6-cloud,at-least,16,57
threat,kimi-k2.6-cloud,at-least,16,99
threat,kimi-k2.6-cloud,at-least,16,25
threat,kimi-k2.6-cloud,at-least,16,141
threat,kimi-k2.6-cloud,at-least,16,56
threat,kimi-k2.6-cloud,at-least,16,53
threat,kimi-k2.6-cloud,at-least,16,83
threat,kimi-k2.6-cloud,at-least,16,164
threat,kimi-k2.6-cloud,at-least,16,59
threat,kimi-k2.6-cloud,at-least,16,116
threat,kimi-k2.6-cloud,at-least,16,162
threat,kimi-k2.6-cloud,at-least,16,16
threat,kimi-k2.6-cloud,at-least,16,16
threat,kimi-k2.6-cloud,at-least,16,90
threat,kimi-k2.6-cloud,at-least,16,72
threat,kimi-k2.6-cloud,at-least,16,63
threat,kimi-k2.6-cloud,at-least,16,81
threat,kimi-k2.6-cloud,at-least,16,73
threat,kimi-k2.6-cloud,at-least,16,143
threat,kimi-k2.6-cloud,at-least,16,16
threat,kimi-k2.6-cloud,at-least,16,17
threat,kimi-k2.6-cloud,at-least,16,55
threat,kimi-k2.6-cloud,at-least,16,16
threat,kimi-k2.6-cloud,at-least,16,62
threat,kimi-k2.6-cloud,at-least,16,73
threat,kimi-k2.6-cloud,at-least,16,16
threat,kimi-k2.6-cloud,at-least,16,56
threat,kimi-k2.6-cloud,at-least,16,39
threat,kimi-k2.6-cloud,at-least,16,52
threat,kimi-k2.6-cloud,at-least,16,94
threat,kimi-k2.6-cloud,at-least,16,73
threat,kimi-k2.6-cloud,at-least,16,91
threat,kimi-k2.6-cloud,at-least,16,88
threat,kimi-k2.6-cloud,at-least,16,16
threat,kimi-k2.6-cloud,at-least,16,105
threat,kimi-k2.6-cloud,at-least,16,86
threat,kimi-k2.6-cloud,at-least,16,16
threat,kimi-k2.6-cloud,at-least,16,129
threat,kimi-k2.6-cloud,at-least,16,66
threat,kimi-k2.6-cloud,at-least,16,45
threat,kimi-k2.6-cloud,at-least,16,16
threat,kimi-k2.6-cloud,at-least,16,58
threat,kimi-k2.6-cloud,at-least,16,100
threat,kimi-k2.6-cloud,at-least,16,149
threat,kimi-k2.6-cloud,at-least,16,16
threat,kimi-k2.6-cloud,at-least,16,98
threat,kimi-k2.6-cloud,at-least,16,75
threat,kimi-k2.6-cloud,at-least,16,83
threat,kimi-k2.6-cloud,at-least,16,16
threat,kimi-k2.6-cloud,at-least,16,276
threat,kimi-k2.6-cloud,at-least,16,26
threat,kimi-k2.6-cloud,at-least,16,19
threat,kimi-k2.6-cloud,at-least,16,16
threat,kimi-k2.6-cloud,at-least,16,19
threat,kimi-k2.6-cloud,at-least,16,20
threat,kimi-k2.6-cloud,at-least,16,20
threat,kimi-k2.6-cloud,at-least,16,17
threat,kimi-k2.6-cloud,at-least,16,16
threat,kimi-k2.6-cloud,at-least,16,31
threat,kimi-k2.6-cloud,at-least,16,23
threat,kimi-k2.6-cloud,at-least,16,16
threat,kimi-k2.6-cloud,at-least,16,18
threat,kimi-k2.6-cloud,at-least,16,17
threat,kimi-k2.6-cloud,at-least,16,19
threat,kimi-k2.6-cloud,at-least,16,20
threat,kimi-k2.6-cloud,at-least,16,19
threat,kimi-k2.6-cloud,at-least,16,40
threat,kimi-k2.6-cloud,at-least,16,80
threat,kimi-k2.6-cloud,at-least,16,20
threat,kimi-k2.6-cloud,at-least,16,16
threat,kimi-k2.6-cloud,at-least,16,28
threat,kimi-k2.6-cloud,at-least,16,16
threat,kimi-k2.6-cloud,at-least,16,25
threat,kimi-k2.6-cloud,at-least,16,28
threat,kimi-k2.6-cloud,at-least,16,37
threat,kimi-k2.6-cloud,at-least,16,19
threat,kimi-k2.6-cloud,at-least,16,29
threat,kimi-k2.6-cloud,at-least,16,17
threat,kimi-k2.6-cloud,at-least,16,20
threat,kimi-k2.6-cloud,at-least,16,28
threat,kimi-k2.6-cloud,at-least,16,42
threat,kimi-k2.6-cloud,at-least,16,22
threat,kimi-k2.6-cloud,at-least,16,16
threat,kimi-k2.6-cloud,at-least,16,21
threat,kimi-k2.6-cloud,at-least,16,21
threat,kimi-k2.6-cloud,at-least,16,20
threat,kimi-k2.6-cloud,at-least,16,98
threat,kimi-k2.6-cloud,at-least,16,16
threat,kimi-k2.6-cloud,at-least,16,16
threat,kimi-k2.6-cloud,at-least,16,27
threat,kimi-k2.6-cloud,at-least,16,20
threat,kimi-k2.6-cloud,at-least,16,21
threat,kimi-k2.6-cloud,at-least,16,16
threat,kimi-k2.6-cloud,at-least,16,20
threat,kimi-k2.6-cloud,at-least,16,16
threat,kimi-k2.6-cloud,at-least,16,16
threat,kimi-k2.6-cloud,at-least,16,16
threat,kimi-k2.6-cloud,at-least,16,16
threat,kimi-k2.6-cloud,at-least,16,20
threat,kimi-k2.6-cloud,at-least,16,16
threat,kimi-k2.6-cloud,at-least,16,16
threat,kimi-k2.6-cloud,at-least,16,16
threat,kimi-k2.6-cloud,at-least,16,20
threat,kimi-k2.6-cloud,at-least,16,28
threat,kimi-k2.6-cloud,at-least,16,31
threat,kimi-k2.6-cloud,at-least,16,16
threat,kimi-k2.6-cloud,at-least,16,51
threat,kimi-k2.6-cloud,at-least,16,16
threat,kimi-k2.6-cloud,at-least,16,16
threat,kimi-k2.6-cloud,at-least,16,45
threat,kimi-k2.6-cloud,at-least,16,58
threat,kimi-k2.6-cloud,at-least,16,32
threat,kimi-k2.6-cloud,at-least,16,110
threat,kimi-k2.6-cloud,at-least,16,33
threat,kimi-k2.6-cloud,at-least,16,31
threat,kimi-k2.6-cloud,at-least,16,40
threat,kimi-k2.6-cloud,at-least,16,20
threat,kimi-k2.6-cloud,at-least,16,25
threat,kimi-k2.6-cloud,at-least,16,36
threat,kimi-k2.6-cloud,at-least,16,43
threat,kimi-k2.6-cloud,at-least,16,20
threat,kimi-k2.6-cloud,at-least,16,19
threat,kimi-k2.6-cloud,at-least,16,25
threat,kimi-k2.6-cloud,at-least,16,40
threat,kimi-k2.6-cloud,at-least,16,34
threat,kimi-k2.6-cloud,at-least,16,22
threat,kimi-k2.6-cloud,at-least,16,53
threat,kimi-k2.6-cloud,at-least,16,47
threat,kimi-k2.6-cloud,at-least,16,36
threat,kimi-k2.6-cloud,at-least,16,19
threat,kimi-k2.6-cloud,at-least,16,92
threat,kimi-k2.6-cloud,at-least,16,19
threat,kimi-k2.6-cloud,at-least,16,102
threat,kimi-k2.6-cloud,at-least,16,35
threat,kimi-k2.6-cloud,at-least,16,20
threat,kimi-k2.6-cloud,at-least,16,39
threat,kimi-k2.6-cloud,at-least,16,40
threat,kimi-k2.6-cloud,at-least,16,21
threat,kimi-k2.6-cloud,at-least,16,23
threat,kimi-k2.6-cloud,at-least,16,35
threat,kimi-k2.6-cloud,at-least,16,28
threat,kimi-k2.6-cloud,at-least,16,19
threat,kimi-k2.6-cloud,at-least,16,19
threat,kimi-k2.6-cloud,at-least,16,28
threat,kimi-k2.6-cloud,at-least,16,32
threat,kimi-k2.6-cloud,at-least,16,22
threat,kimi-k2.6-cloud,at-least,16,20
threat,kimi-k2.6-cloud,at-least,16,20
threat,kimi-k2.6-cloud,at-least,16,45
threat,kimi-k2.6-cloud,at-least,16,59
threat,kimi-k2.6-cloud,at-least,16,21
threat,kimi-k2.6-cloud,at-least,16,22
threat,kimi-k2.6-cloud,at-least,16,50
threat,kimi-k2.6-cloud,at-least,16,27
threat,kimi-k2.6-cloud,at-least,16,25
threat,kimi-k2.6-cloud,at-least,16,38
threat,kimi-k2.6-cloud,at-least,16,42
threat,kimi-k2.6-cloud,at-least,16,39
threat,kimi-k2.6-cloud,at-least,16,35
threat,kimi-k2.6-cloud,at-least,16,30
threat,kimi-k2.6-cloud,at-least,16,22
threat,kimi-k2.6-cloud,at-least,16,43
threat,kimi-k2.6-cloud,at-least,16,58
threat,kimi-k2.6-cloud,at-least,16,35
threat,kimi-k2.6-cloud,at-least,16,29
threat,kimi-k2.6-cloud,at-least,16,37
threat,kimi-k2.6-cloud,at-least,16,44
threat,kimi-k2.6-cloud,at-least,16,45
threat,kimi-k2.6-cloud,at-least,16,21
threat,kimi-k2.6-cloud,at-least,16,33
typo,GPT-OSS-120B,equal-to,1024,1026
typo,GPT-OSS-120B,equal-to,1024,1151
typo,GPT-OSS-120B,equal-to,1024,1039
typo,GPT-OSS-120B,equal-to,1024,1029
typo,GPT-OSS-120B,equal-to,1024,1091
typo,GPT-OSS-120B,equal-to,1024,1014
typo,GPT-OSS-120B,equal-to,1024,1024
typo,GPT-OSS-120B,equal-to,1024,1029
typo,GPT-OSS-120B,equal-to,1024,1048
typo,GPT-OSS-120B,equal-to,1024,1031
typo,GPT-OSS-120B,equal-to,1024,1029
typo,GPT-OSS-120B,equal-to,1024,1038
typo,GPT-OSS-120B,equal-to,1024,1016
typo,GPT-OSS-120B,equal-to,1024,1024
typo,GPT-OSS-120B,equal-to,1024,1075
typo,GPT-OSS-120B,equal-to,1024,1057
typo,GPT-OSS-120B,equal-to,1024,155
typo,GPT-OSS-120B,equal-to,1024,1044
typo,GPT-OSS-120B,equal-to,1024,899
typo,GPT-OSS-120B,equal-to,1024,1042
typo,GPT-OSS-120B,equal-to,1024,2358
typo,GPT-OSS-120B,equal-to,1024,1042
typo,GPT-OSS-120B,equal-to,1024,1027
typo,GPT-OSS-120B,equal-to,1024,1040
typo,GPT-OSS-120B,equal-to,1024,1025
typo,GPT-OSS-120B,equal-to,1024,1038
typo,GPT-OSS-120B,equal-to,1024,1073
typo,GPT-OSS-120B,equal-to,1024,1025
typo,GPT-OSS-120B,equal-to,1024,1028
typo,GPT-OSS-120B,equal-to,1024,1020
typo,GPT-OSS-120B,equal-to,1024,1028
typo,GPT-OSS-120B,equal-to,1024,1037
typo,GPT-OSS-120B,equal-to,1024,924
typo,GPT-OSS-120B,equal-to,1024,1026
typo,GPT-OSS-120B,equal-to,1024,1031
typo,GPT-OSS-120B,equal-to,1024,1018
typo,GPT-OSS-120B,equal-to,1024,1031
typo,GPT-OSS-120B,equal-to,1024,1049
typo,GPT-OSS-120B,equal-to,1024,1054
typo,GPT-OSS-120B,equal-to,1024,1032
typo,GPT-OSS-120B,equal-to,1024,2044
typo,GPT-OSS-120B,equal-to,1024,1065
typo,GPT-OSS-120B,equal-to,1024,1043
typo,GPT-OSS-120B,equal-to,1024,1037
typo,GPT-OSS-120B,equal-to,1024,1026
typo,GPT-OSS-120B,equal-to,1024,1013
typo,GPT-OSS-120B,equal-to,1024,1029
typo,GPT-OSS-120B,equal-to,1024,1647
typo,GPT-OSS-120B,equal-to,1024,1033
typo,GPT-OSS-120B,equal-to,1024,1044
typo,GPT-OSS-120B,equal-to,1024,1018
typo,GPT-OSS-120B,equal-to,1024,1872
typo,GPT-OSS-120B,equal-to,1024,1025
typo,GPT-OSS-120B,equal-to,1024,1789
typo,GPT-OSS-120B,equal-to,1024,1024
typo,GPT-OSS-120B,equal-to,1024,1031
typo,GPT-OSS-120B,equal-to,1024,1025
typo,GPT-OSS-120B,equal-to,1024,1032
typo,GPT-OSS-120B,equal-to,1024,1037
typo,GPT-OSS-120B,equal-to,1024,1025
typo,GPT-OSS-120B,equal-to,1024,1043
typo,GPT-OSS-120B,equal-to,1024,1052
typo,GPT-OSS-120B,equal-to,1024,1032
typo,GPT-OSS-120B,equal-to,1024,1144
typo,GPT-OSS-120B,equal-to,1024,1066
typo,GPT-OSS-120B,equal-to,1024,1057
typo,GPT-OSS-120B,equal-to,1024,1021
typo,GPT-OSS-120B,equal-to,1024,1086
typo,GPT-OSS-120B,equal-to,1024,1046
typo,GPT-OSS-120B,equal-to,1024,1071
typo,GPT-OSS-120B,equal-to,1024,1048
typo,GPT-OSS-120B,equal-to,1024,1058
typo,GPT-OSS-120B,equal-to,1024,1067
typo,GPT-OSS-120B,equal-to,1024,1010
typo,GPT-OSS-120B,equal-to,1024,1078
typo,GPT-OSS-120B,equal-to,1024,1086
typo,GPT-OSS-120B,equal-to,1024,1106
typo,GPT-OSS-120B,equal-to,1024,1083
typo,GPT-OSS-120B,equal-to,1024,1080
typo,GPT-OSS-120B,equal-to,1024,1046
typo,GPT-OSS-120B,equal-to,1024,1084
typo,GPT-OSS-120B,equal-to,1024,1037
typo,GPT-OSS-120B,equal-to,1024,1036
typo,GPT-OSS-120B,equal-to,1024,1062
typo,GPT-OSS-120B,equal-to,1024,1040
typo,GPT-OSS-120B,equal-to,1024,1081
typo,GPT-OSS-120B,equal-to,1024,1042
typo,GPT-OSS-120B,equal-to,1024,1091
typo,GPT-OSS-120B,equal-to,1024,1037
typo,GPT-OSS-120B,equal-to,1024,1052
typo,GPT-OSS-120B,equal-to,1024,1023
typo,GPT-OSS-120B,equal-to,1024,1048
typo,GPT-OSS-120B,equal-to,1024,1069
typo,GPT-OSS-120B,equal-to,1024,1056
typo,GPT-OSS-120B,equal-to,1024,1040
typo,GPT-OSS-120B,equal-to,1024,1049
typo,GPT-OSS-120B,equal-to,1024,1075
typo,GPT-OSS-120B,equal-to,1024,1043
typo,GPT-OSS-120B,equal-to,1024,1060
typo,GPT-OSS-120B,equal-to,1024,1085
typo,GPT-OSS-120B,equal-to,1024,1046
typo,GPT-OSS-120B,equal-to,1024,1043
typo,GPT-OSS-120B,equal-to,1024,1042
typo,GPT-OSS-120B,equal-to,1024,1095
typo,GPT-OSS-120B,equal-to,1024,1063
typo,GPT-OSS-120B,equal-to,1024,1002
typo,GPT-OSS-120B,equal-to,1024,1037
typo,GPT-OSS-120B,equal-to,1024,1035
typo,GPT-OSS-120B,equal-to,1024,1032
typo,GPT-OSS-120B,equal-to,1024,1051
typo,GPT-OSS-120B,equal-to,1024,1042
typo,GPT-OSS-120B,equal-to,1024,1028
typo,GPT-OSS-120B,equal-to,1024,1039
typo,GPT-OSS-120B,equal-to,1024,1188
typo,GPT-OSS-120B,equal-to,1024,1042
typo,GPT-OSS-120B,equal-to,1024,1058
typo,GPT-OSS-120B,equal-to,1024,763
typo,GPT-OSS-120B,equal-to,1024,1084
typo,GPT-OSS-120B,equal-to,1024,1043
typo,GPT-OSS-120B,equal-to,1024,1053
typo,GPT-OSS-120B,equal-to,1024,969
typo,GPT-OSS-120B,equal-to,1024,1095
typo,GPT-OSS-120B,equal-to,1024,1058
typo,GPT-OSS-120B,equal-to,1024,1066
typo,GPT-OSS-120B,equal-to,1024,1047
typo,GPT-OSS-120B,equal-to,1024,1090
typo,GPT-OSS-120B,equal-to,1024,1070
typo,GPT-OSS-120B,equal-to,1024,1069
typo,GPT-OSS-120B,equal-to,1024,1125
typo,GPT-OSS-120B,equal-to,1024,1057
typo,GPT-OSS-120B,equal-to,1024,1033
typo,GPT-OSS-120B,equal-to,1024,1068
typo,GPT-OSS-120B,equal-to,1024,1116
typo,GPT-OSS-120B,equal-to,1024,1076
typo,GPT-OSS-120B,equal-to,1024,1051
typo,GPT-OSS-120B,equal-to,1024,1072
typo,GPT-OSS-120B,equal-to,1024,1031
typo,GPT-OSS-120B,equal-to,1024,1062
typo,GPT-OSS-120B,equal-to,1024,1036
typo,GPT-OSS-120B,equal-to,1024,1054
typo,GPT-OSS-120B,equal-to,1024,1070
typo,GPT-OSS-120B,equal-to,1024,1119
typo,GPT-OSS-120B,equal-to,1024,1081
typo,GPT-OSS-120B,equal-to,1024,1110
typo,GPT-OSS-120B,equal-to,1024,1065
typo,GPT-OSS-120B,equal-to,1024,1059
typo,GPT-OSS-120B,equal-to,1024,1100
typo,GPT-OSS-120B,equal-to,1024,1051
typo,GPT-OSS-120B,equal-to,1024,1044
typo,GPT-OSS-120B,equal-to,1024,1052
typo,GPT-OSS-120B,equal-to,1024,1036
typo,GPT-OSS-120B,equal-to,1024,1061
typo,GPT-OSS-120B,equal-to,1024,1044
typo,GPT-OSS-120B,equal-to,1024,1045
typo,GPT-OSS-120B,equal-to,1024,1056
typo,GPT-OSS-120B,equal-to,1024,1030
typo,GPT-OSS-120B,equal-to,1024,1049
typo,GPT-OSS-120B,equal-to,1024,1085
typo,GPT-OSS-120B,equal-to,1024,1092
typo,GPT-OSS-120B,equal-to,1024,1069
typo,GPT-OSS-120B,equal-to,1024,1085
typo,GPT-OSS-120B,equal-to,1024,1070
typo,GPT-OSS-120B,equal-to,1024,1039
typo,GPT-OSS-120B,equal-to,1024,1029
typo,GPT-OSS-120B,equal-to,1024,1045
typo,GPT-OSS-120B,equal-to,1024,1025
typo,GPT-OSS-120B,equal-to,1024,1780
typo,GPT-OSS-120B,equal-to,1024,1046
typo,GPT-OSS-120B,equal-to,1024,1819
typo,GPT-OSS-120B,equal-to,1024,1041
typo,GPT-OSS-120B,equal-to,1024,1116
typo,GPT-OSS-120B,equal-to,1024,1126
typo,GPT-OSS-120B,equal-to,1024,1115
typo,GPT-OSS-120B,equal-to,1024,1034
typo,GPT-OSS-120B,equal-to,1024,1087
typo,GPT-OSS-120B,equal-to,1024,880
typo,GPT-OSS-120B,equal-to,1024,2151
typo,GPT-OSS-120B,equal-to,1024,850
typo,GPT-OSS-120B,equal-to,1024,1046
typo,GPT-OSS-120B,equal-to,1024,2080
typo,GPT-OSS-120B,equal-to,16,16
typo,GPT-OSS-120B,equal-to,16,16
typo,GPT-OSS-120B,equal-to,16,16
typo,GPT-OSS-120B,equal-to,16,16
typo,GPT-OSS-120B,equal-to,16,18
typo,GPT-OSS-120B,equal-to,16,16
typo,GPT-OSS-120B,equal-to,16,16
typo,GPT-OSS-120B,equal-to,16,16
typo,GPT-OSS-120B,equal-to,16,16
typo,GPT-OSS-120B,equal-to,16,17
typo,GPT-OSS-120B,equal-to,16,16
typo,GPT-OSS-120B,equal-to,16,18
typo,GPT-OSS-120B,equal-to,16,10
typo,GPT-OSS-120B,equal-to,16,16
typo,GPT-OSS-120B,equal-to,16,16
typo,GPT-OSS-120B,equal-to,16,17
typo,GPT-OSS-120B,equal-to,16,16
typo,GPT-OSS-120B,equal-to,16,16
typo,GPT-OSS-120B,equal-to,16,16
typo,GPT-OSS-120B,equal-to,16,16
typo,GPT-OSS-120B,equal-to,16,16
typo,GPT-OSS-120B,equal-to,16,16
typo,GPT-OSS-120B,equal-to,16,16
typo,GPT-OSS-120B,equal-to,16,16
typo,GPT-OSS-120B,equal-to,16,16
typo,GPT-OSS-120B,equal-to,16,17
typo,GPT-OSS-120B,equal-to,16,16
typo,GPT-OSS-120B,equal-to,16,16
typo,GPT-OSS-120B,equal-to,16,16
typo,GPT-OSS-120B,equal-to,16,16
typo,GPT-OSS-120B,equal-to,16,16
typo,GPT-OSS-120B,equal-to,16,18
typo,GPT-OSS-120B,equal-to,16,16
typo,GPT-OSS-120B,equal-to,16,16
typo,GPT-OSS-120B,equal-to,16,16
typo,GPT-OSS-120B,equal-to,16,17
typo,GPT-OSS-120B,equal-to,16,17
typo,GPT-OSS-120B,equal-to,16,16
typo,GPT-OSS-120B,equal-to,16,17
typo,GPT-OSS-120B,equal-to,16,16
typo,GPT-OSS-120B,equal-to,16,16
typo,GPT-OSS-120B,equal-to,16,16
typo,GPT-OSS-120B,equal-to,16,16
typo,GPT-OSS-120B,equal-to,16,16
typo,GPT-OSS-120B,equal-to,16,16
typo,GPT-OSS-120B,equal-to,16,16
typo,GPT-OSS-120B,equal-to,16,16
typo,GPT-OSS-120B,equal-to,16,16
typo,GPT-OSS-120B,equal-to,16,16
typo,GPT-OSS-120B,equal-to,16,16
typo,GPT-OSS-120B,equal-to,16,18
typo,GPT-OSS-120B,equal-to,16,18
typo,GPT-OSS-120B,equal-to,16,16
typo,GPT-OSS-120B,equal-to,16,16
typo,GPT-OSS-120B,equal-to,16,16
typo,GPT-OSS-120B,equal-to,16,16
typo,GPT-OSS-120B,equal-to,16,17
typo,GPT-OSS-120B,equal-to,16,16
typo,GPT-OSS-120B,equal-to,16,16
typo,GPT-OSS-120B,equal-to,16,16
typo,GPT-OSS-120B,equal-to,16,16
typo,GPT-OSS-120B,equal-to,16,16
typo,GPT-OSS-120B,equal-to,16,16
typo,GPT-OSS-120B,equal-to,16,17
typo,GPT-OSS-120B,equal-to,16,17
typo,GPT-OSS-120B,equal-to,16,16
typo,GPT-OSS-120B,equal-to,16,16
typo,GPT-OSS-120B,equal-to,16,16
typo,GPT-OSS-120B,equal-to,16,16
typo,GPT-OSS-120B,equal-to,16,17
typo,GPT-OSS-120B,equal-to,16,16
typo,GPT-OSS-120B,equal-to,16,17
typo,GPT-OSS-120B,equal-to,16,16
typo,GPT-OSS-120B,equal-to,16,16
typo,GPT-OSS-120B,equal-to,16,17
typo,GPT-OSS-120B,equal-to,16,16
typo,GPT-OSS-120B,equal-to,16,16
typo,GPT-OSS-120B,equal-to,16,16
typo,GPT-OSS-120B,equal-to,16,16
typo,GPT-OSS-120B,equal-to,16,17
typo,GPT-OSS-120B,equal-to,16,16
typo,GPT-OSS-120B,equal-to,16,16
typo,GPT-OSS-120B,equal-to,16,17
typo,GPT-OSS-120B,equal-to,16,16
typo,GPT-OSS-120B,equal-to,16,16
typo,GPT-OSS-120B,equal-to,16,16
typo,GPT-OSS-120B,equal-to,16,17
typo,GPT-OSS-120B,equal-to,16,16
typo,GPT-OSS-120B,equal-to,16,16
typo,GPT-OSS-120B,equal-to,16,16
typo,GPT-OSS-120B,equal-to,16,16
typo,GPT-OSS-120B,equal-to,16,16
typo,GPT-OSS-120B,equal-to,16,16
typo,GPT-OSS-120B,equal-to,16,16
typo,GPT-OSS-120B,equal-to,16,16
typo,GPT-OSS-120B,equal-to,16,16
typo,GPT-OSS-120B,equal-to,16,16
typo,GPT-OSS-120B,equal-to,16,16
typo,GPT-OSS-120B,equal-to,16,16
typo,GPT-OSS-120B,equal-to,16,17
typo,GPT-OSS-120B,equal-to,16,16
typo,GPT-OSS-120B,equal-to,16,17
typo,GPT-OSS-120B,equal-to,16,17
typo,GPT-OSS-120B,equal-to,16,16
typo,GPT-OSS-120B,equal-to,16,17
typo,GPT-OSS-120B,equal-to,16,16
typo,GPT-OSS-120B,equal-to,16,16
typo,GPT-OSS-120B,equal-to,16,16
typo,GPT-OSS-120B,equal-to,16,16
typo,GPT-OSS-120B,equal-to,16,16
typo,GPT-OSS-120B,equal-to,16,16
typo,GPT-OSS-120B,equal-to,16,16
typo,GPT-OSS-120B,equal-to,16,17
typo,GPT-OSS-120B,equal-to,16,18
typo,GPT-OSS-120B,equal-to,16,16
typo,GPT-OSS-120B,equal-to,16,16
typo,GPT-OSS-120B,equal-to,16,17
typo,GPT-OSS-120B,equal-to,16,17
typo,GPT-OSS-120B,equal-to,16,16
typo,GPT-OSS-120B,equal-to,16,15
typo,GPT-OSS-120B,equal-to,16,16
typo,GPT-OSS-120B,equal-to,16,19
typo,GPT-OSS-120B,equal-to,16,16
typo,GPT-OSS-120B,equal-to,16,17
typo,GPT-OSS-120B,equal-to,16,16
typo,GPT-OSS-120B,equal-to,16,16
typo,GPT-OSS-120B,equal-to,16,16
typo,GPT-OSS-120B,equal-to,16,16
typo,GPT-OSS-120B,equal-to,16,16
typo,GPT-OSS-120B,equal-to,16,16
typo,GPT-OSS-120B,equal-to,16,16
typo,GPT-OSS-120B,equal-to,16,16
typo,GPT-OSS-120B,equal-to,16,16
typo,GPT-OSS-120B,equal-to,16,16
typo,GPT-OSS-120B,equal-to,16,16
typo,GPT-OSS-120B,equal-to,16,16
typo,GPT-OSS-120B,equal-to,16,16
typo,GPT-OSS-120B,equal-to,16,16
typo,GPT-OSS-120B,equal-to,16,16
typo,GPT-OSS-120B,equal-to,16,16
typo,GPT-OSS-120B,equal-to,16,16
typo,GPT-OSS-120B,equal-to,16,16
typo,GPT-OSS-120B,equal-to,16,17
typo,GPT-OSS-120B,equal-to,16,16
typo,GPT-OSS-120B,equal-to,16,16
typo,GPT-OSS-120B,equal-to,16,16
typo,GPT-OSS-120B,equal-to,16,16
typo,GPT-OSS-120B,equal-to,16,17
typo,GPT-OSS-120B,equal-to,16,17
typo,GPT-OSS-120B,equal-to,16,18
typo,GPT-OSS-120B,equal-to,16,16
typo,GPT-OSS-120B,equal-to,16,17
typo,GPT-OSS-120B,equal-to,16,16
typo,GPT-OSS-120B,equal-to,16,17
typo,GPT-OSS-120B,equal-to,16,16
typo,GPT-OSS-120B,equal-to,16,17
typo,GPT-OSS-120B,equal-to,16,16
typo,GPT-OSS-120B,equal-to,16,16
typo,GPT-OSS-120B,equal-to,16,28
typo,GPT-OSS-120B,equal-to,16,16
typo,GPT-OSS-120B,equal-to,16,16
typo,GPT-OSS-120B,equal-to,16,17
typo,GPT-OSS-120B,equal-to,16,17
typo,GPT-OSS-120B,equal-to,16,16
typo,GPT-OSS-120B,equal-to,16,17
typo,GPT-OSS-120B,equal-to,16,17
typo,GPT-OSS-120B,equal-to,16,16
typo,GPT-OSS-120B,equal-to,16,17
typo,GPT-OSS-120B,equal-to,16,16
typo,GPT-OSS-120B,equal-to,16,17
typo,GPT-OSS-120B,equal-to,16,17
typo,GPT-OSS-120B,equal-to,16,18
typo,GPT-OSS-120B,equal-to,16,20
typo,GPT-OSS-120B,equal-to,16,17
typo,GPT-OSS-120B,equal-to,16,16
typo,GPT-OSS-120B,equal-to,16,17
typo,GPT-OSS-120B,equal-to,16,18
typo,GPT-OSS-120B,equal-to,16,16
typo,GPT-OSS-120B,equal-to,16,16
typo,GPT-OSS-120B,equal-to,16,16
typo,GLM-5.1,equal-to,16,16
typo,GLM-5.1,equal-to,16,16
typo,GLM-5.1,equal-to,16,16
typo,GLM-5.1,equal-to,16,16
typo,GLM-5.1,equal-to,16,16
typo,GLM-5.1,equal-to,16,16
typo,GLM-5.1,equal-to,16,16
typo,GLM-5.1,equal-to,16,16
typo,GLM-5.1,equal-to,16,16
typo,GLM-5.1,equal-to,16,16
typo,GLM-5.1,equal-to,16,16
typo,GLM-5.1,equal-to,16,16
typo,GLM-5.1,equal-to,16,16
typo,GLM-5.1,equal-to,16,16
typo,GLM-5.1,equal-to,16,16
typo,GLM-5.1,equal-to,16,16
typo,GLM-5.1,equal-to,16,16
typo,GLM-5.1,equal-to,16,16
typo,GLM-5.1,equal-to,16,16
typo,GLM-5.1,equal-to,16,16
typo,GLM-5.1,equal-to,16,16
typo,GLM-5.1,equal-to,16,16
typo,GLM-5.1,equal-to,16,16
typo,GLM-5.1,equal-to,16,16
typo,GLM-5.1,equal-to,16,17
typo,GLM-5.1,equal-to,16,16
typo,GLM-5.1,equal-to,16,16
typo,GLM-5.1,equal-to,16,16
typo,GLM-5.1,equal-to,16,16
typo,GLM-5.1,equal-to,16,16
typo,GLM-5.1,equal-to,16,16
typo,GLM-5.1,equal-to,16,16
typo,GLM-5.1,equal-to,16,16
typo,GLM-5.1,equal-to,16,16
typo,GLM-5.1,equal-to,16,16
typo,GLM-5.1,equal-to,16,16
typo,GLM-5.1,equal-to,16,16
typo,GLM-5.1,equal-to,16,16
typo,GLM-5.1,equal-to,16,16
typo,GLM-5.1,equal-to,16,16
typo,GLM-5.1,equal-to,16,16
typo,GLM-5.1,equal-to,16,16
typo,GLM-5.1,equal-to,16,16
typo,GLM-5.1,equal-to,16,16
typo,GLM-5.1,equal-to,16,16
typo,GLM-5.1,equal-to,16,16
typo,GLM-5.1,equal-to,16,16
typo,GLM-5.1,equal-to,16,16
typo,GLM-5.1,equal-to,16,17
typo,GLM-5.1,equal-to,16,16
typo,GLM-5.1,equal-to,16,16
typo,GLM-5.1,equal-to,16,16
typo,GLM-5.1,equal-to,16,16
typo,GLM-5.1,equal-to,16,16
typo,GLM-5.1,equal-to,16,16
typo,GLM-5.1,equal-to,16,16
typo,GLM-5.1,equal-to,16,16
typo,GLM-5.1,equal-to,16,16
typo,GLM-5.1,equal-to,16,16
typo,GLM-5.1,equal-to,16,17
typo,GLM-5.1,equal-to,16,16
typo,GLM-5.1,equal-to,16,16
typo,GLM-5.1,equal-to,16,16
typo,GLM-5.1,equal-to,16,16
typo,GLM-5.1,equal-to,16,16
typo,GLM-5.1,equal-to,16,17
typo,GLM-5.1,equal-to,16,16
typo,GLM-5.1,equal-to,16,16
typo,GLM-5.1,equal-to,16,16
typo,GLM-5.1,equal-to,16,16
typo,GLM-5.1,equal-to,16,16
typo,GLM-5.1,equal-to,16,16
typo,GLM-5.1,equal-to,16,16
typo,GLM-5.1,equal-to,16,16
typo,GLM-5.1,equal-to,16,16
typo,GLM-5.1,equal-to,16,16
typo,GLM-5.1,equal-to,16,16
typo,GLM-5.1,equal-to,16,16
typo,GLM-5.1,equal-to,16,16
typo,GLM-5.1,equal-to,16,16
typo,GLM-5.1,equal-to,16,16
typo,GLM-5.1,equal-to,16,16
typo,GLM-5.1,equal-to,16,16
typo,GLM-5.1,equal-to,16,17
typo,GLM-5.1,equal-to,16,16
typo,GLM-5.1,equal-to,16,16
typo,GLM-5.1,equal-to,16,16
typo,GLM-5.1,equal-to,16,16
typo,GLM-5.1,equal-to,16,16
typo,GLM-5.1,equal-to,16,16
typo,GLM-5.1,equal-to,16,16
typo,GLM-5.1,equal-to,16,16
typo,GLM-5.1,equal-to,16,16
typo,GLM-5.1,equal-to,16,14
typo,GLM-5.1,equal-to,16,16
typo,GLM-5.1,equal-to,16,16
typo,GLM-5.1,equal-to,16,16
typo,GLM-5.1,equal-to,16,16
typo,GLM-5.1,equal-to,16,16
typo,GLM-5.1,equal-to,16,16
typo,GLM-5.1,equal-to,16,16
typo,GLM-5.1,equal-to,16,16
typo,GLM-5.1,equal-to,16,16
typo,GLM-5.1,equal-to,16,16
typo,GLM-5.1,equal-to,16,16
typo,GLM-5.1,equal-to,16,16
typo,GLM-5.1,equal-to,16,16
typo,GLM-5.1,equal-to,16,16
typo,GLM-5.1,equal-to,16,16
typo,GLM-5.1,equal-to,16,16
typo,GLM-5.1,equal-to,16,16
typo,GLM-5.1,equal-to,16,16
typo,GLM-5.1,equal-to,16,16
typo,GLM-5.1,equal-to,16,16
typo,GLM-5.1,equal-to,16,16
typo,GLM-5.1,equal-to,16,16
typo,GLM-5.1,equal-to,16,16
typo,GLM-5.1,equal-to,16,16
typo,GLM-5.1,equal-to,16,16
typo,GLM-5.1,equal-to,16,16
typo,GLM-5.1,equal-to,16,16
typo,GLM-5.1,equal-to,16,16
typo,GLM-5.1,equal-to,16,16
typo,GLM-5.1,equal-to,16,16
typo,GLM-5.1,equal-to,16,16
typo,GLM-5.1,equal-to,16,16
typo,GLM-5.1,equal-to,16,16
typo,GLM-5.1,equal-to,16,16
typo,GLM-5.1,equal-to,16,16
typo,GLM-5.1,equal-to,16,16
typo,GLM-5.1,equal-to,16,16
typo,GLM-5.1,equal-to,16,16
typo,GLM-5.1,equal-to,16,16
typo,GLM-5.1,equal-to,16,16
typo,GLM-5.1,equal-to,16,16
typo,GLM-5.1,equal-to,16,16
typo,GLM-5.1,equal-to,16,16
typo,GLM-5.1,equal-to,16,16
typo,GLM-5.1,equal-to,16,18
typo,GLM-5.1,equal-to,16,16
typo,GLM-5.1,equal-to,16,16
typo,GLM-5.1,equal-to,16,18
typo,GLM-5.1,equal-to,16,16
typo,GLM-5.1,equal-to,16,16
typo,GLM-5.1,equal-to,16,17
typo,GLM-5.1,equal-to,16,16
typo,GLM-5.1,equal-to,16,16
typo,GLM-5.1,equal-to,16,16
typo,GLM-5.1,equal-to,16,16
typo,GLM-5.1,equal-to,16,20
typo,GLM-5.1,equal-to,16,16
typo,GLM-5.1,equal-to,16,16
typo,GLM-5.1,equal-to,16,18
typo,GLM-5.1,equal-to,16,14
typo,GLM-5.1,equal-to,16,16
typo,GLM-5.1,equal-to,16,16
typo,GLM-5.1,equal-to,16,16
typo,GLM-5.1,equal-to,16,17
typo,GLM-5.1,equal-to,16,18
typo,GLM-5.1,equal-to,16,16
typo,GLM-5.1,equal-to,16,16
typo,GLM-5.1,equal-to,16,17
typo,GLM-5.1,equal-to,16,17
typo,GLM-5.1,equal-to,16,17
typo,GLM-5.1,equal-to,16,16
typo,GLM-5.1,equal-to,16,13
typo,GLM-5.1,equal-to,16,15
typo,GLM-5.1,equal-to,16,17
typo,GLM-5.1,equal-to,16,16
typo,GLM-5.1,equal-to,16,16
typo,GLM-5.1,equal-to,16,16
typo,GPT-OSS-120B,at-most,1024,1201
typo,GPT-OSS-120B,at-most,1024,1232
typo,GPT-OSS-120B,at-most,1024,1755
typo,GPT-OSS-120B,at-most,1024,208
typo,GPT-OSS-120B,at-most,1024,949
typo,GPT-OSS-120B,at-most,1024,1303
typo,GPT-OSS-120B,at-most,1024,1073
typo,GPT-OSS-120B,at-most,1024,1528
typo,GPT-OSS-120B,at-most,1024,987
typo,GPT-OSS-120B,at-most,1024,1253
typo,GPT-OSS-120B,at-most,1024,1428
typo,GPT-OSS-120B,at-most,1024,874
typo,GPT-OSS-120B,at-most,1024,402
typo,GPT-OSS-120B,at-most,1024,1015
typo,GPT-OSS-120B,at-most,1024,771
typo,GPT-OSS-120B,at-most,1024,727
typo,GPT-OSS-120B,at-most,1024,1259
typo,GPT-OSS-120B,at-most,1024,761
typo,GPT-OSS-120B,at-most,1024,1317
typo,GPT-OSS-120B,at-most,1024,944
typo,GPT-OSS-120B,at-most,1024,1512
typo,GPT-OSS-120B,at-most,1024,1421
typo,GPT-OSS-120B,at-most,1024,1178
typo,GPT-OSS-120B,at-most,1024,775
typo,GPT-OSS-120B,at-most,1024,1287
typo,GPT-OSS-120B,at-most,1024,1404
typo,GPT-OSS-120B,at-most,1024,1152
typo,GPT-OSS-120B,at-most,1024,1514
typo,GPT-OSS-120B,at-most,1024,1408
typo,GPT-OSS-120B,at-most,1024,1702
typo,GPT-OSS-120B,at-most,1024,1502
typo,GPT-OSS-120B,at-most,1024,837
typo,GPT-OSS-120B,at-most,1024,8
typo,GPT-OSS-120B,at-most,1024,2115
typo,GPT-OSS-120B,at-most,1024,1528
typo,GPT-OSS-120B,at-most,1024,1438
typo,GPT-OSS-120B,at-most,1024,1553
typo,GPT-OSS-120B,at-most,1024,548
typo,GPT-OSS-120B,at-most,1024,1138
typo,GPT-OSS-120B,at-most,1024,1150
typo,GPT-OSS-120B,at-most,1024,2245
typo,GPT-OSS-120B,at-most,1024,1038
typo,GPT-OSS-120B,at-most,1024,1035
typo,GPT-OSS-120B,at-most,1024,1315
typo,GPT-OSS-120B,at-most,1024,1601
typo,GPT-OSS-120B,at-most,1024,1433
typo,GPT-OSS-120B,at-most,1024,815
typo,GPT-OSS-120B,at-most,1024,1243
typo,GPT-OSS-120B,at-most,1024,1973
typo,GPT-OSS-120B,at-most,1024,954
typo,GPT-OSS-120B,at-most,1024,1239
typo,GPT-OSS-120B,at-most,1024,783
typo,GPT-OSS-120B,at-most,1024,1017
typo,GPT-OSS-120B,at-most,1024,1627
typo,GPT-OSS-120B,at-most,1024,121
typo,GPT-OSS-120B,at-most,1024,1311
typo,GPT-OSS-120B,at-most,1024,1274
typo,GPT-OSS-120B,at-most,1024,2162
typo,GPT-OSS-120B,at-most,1024,1237
typo,GPT-OSS-120B,at-most,1024,889
typo,GPT-OSS-120B,at-most,1024,1084
typo,GPT-OSS-120B,at-most,1024,609
typo,GPT-OSS-120B,at-most,1024,725
typo,GPT-OSS-120B,at-most,1024,1459
typo,GPT-OSS-120B,at-most,1024,1223
typo,GPT-OSS-120B,at-most,1024,1530
typo,GPT-OSS-120B,at-most,1024,15
typo,GPT-OSS-120B,at-most,1024,1354
typo,GPT-OSS-120B,at-most,1024,785
typo,GPT-OSS-120B,at-most,1024,797
typo,GPT-OSS-120B,at-most,1024,696
typo,GPT-OSS-120B,at-most,1024,882
typo,GPT-OSS-120B,at-most,1024,790
typo,GPT-OSS-120B,at-most,1024,749
typo,GPT-OSS-120B,at-most,1024,958
typo,GPT-OSS-120B,at-most,1024,1497
typo,GPT-OSS-120B,at-most,1024,862
typo,GPT-OSS-120B,at-most,1024,1295
typo,GPT-OSS-120B,at-most,1024,532
typo,GPT-OSS-120B,at-most,1024,1188
typo,GPT-OSS-120B,at-most,1024,1031
typo,GPT-OSS-120B,at-most,1024,458
typo,GPT-OSS-120B,at-most,1024,911
typo,GPT-OSS-120B,at-most,1024,1121
typo,GPT-OSS-120B,at-most,1024,829
typo,GPT-OSS-120B,at-most,1024,1773
typo,GPT-OSS-120B,at-most,1024,1644
typo,GPT-OSS-120B,at-most,1024,963
typo,GPT-OSS-120B,at-most,1024,213
typo,GPT-OSS-120B,at-most,1024,353
typo,GPT-OSS-120B,at-most,1024,1572
typo,GPT-OSS-120B,at-most,1024,1228
typo,GPT-OSS-120B,at-most,1024,824
typo,GPT-OSS-120B,at-most,1024,686
typo,GPT-OSS-120B,at-most,1024,553
typo,GPT-OSS-120B,at-most,1024,196
typo,GPT-OSS-120B,at-most,1024,1069
typo,GPT-OSS-120B,at-most,1024,666
typo,GPT-OSS-120B,at-most,1024,685
typo,GPT-OSS-120B,at-most,1024,1500
typo,GPT-OSS-120B,at-most,1024,1017
typo,GPT-OSS-120B,at-most,1024,819
typo,GPT-OSS-120B,at-most,1024,945
typo,GPT-OSS-120B,at-most,1024,1065
typo,GPT-OSS-120B,at-most,1024,812
typo,GPT-OSS-120B,at-most,1024,847
typo,GPT-OSS-120B,at-most,1024,625
typo,GPT-OSS-120B,at-most,1024,918
typo,GPT-OSS-120B,at-most,1024,1230
typo,GPT-OSS-120B,at-most,1024,1562
typo,GPT-OSS-120B,at-most,1024,1060
typo,GPT-OSS-120B,at-most,1024,1071
typo,GPT-OSS-120B,at-most,1024,432
typo,GPT-OSS-120B,at-most,1024,813
typo,GPT-OSS-120B,at-most,1024,739
typo,GPT-OSS-120B,at-most,1024,1124
typo,GPT-OSS-120B,at-most,1024,496
typo,GPT-OSS-120B,at-most,1024,1035
typo,GPT-OSS-120B,at-most,1024,1190
typo,GPT-OSS-120B,at-most,1024,262
typo,GPT-OSS-120B,at-most,1024,170
typo,GPT-OSS-120B,at-most,1024,908
typo,GPT-OSS-120B,at-most,1024,600
typo,GPT-OSS-120B,at-most,1024,1239
typo,GPT-OSS-120B,at-most,1024,858
typo,GPT-OSS-120B,at-most,1024,1470
typo,GPT-OSS-120B,at-most,1024,62
typo,GPT-OSS-120B,at-most,1024,770
typo,GPT-OSS-120B,at-most,1024,614
typo,GPT-OSS-120B,at-most,1024,1320
typo,GPT-OSS-120B,at-most,1024,103
typo,GPT-OSS-120B,at-most,1024,638
typo,GPT-OSS-120B,at-most,1024,665
typo,GPT-OSS-120B,at-most,1024,1137
typo,GPT-OSS-120B,at-most,1024,776
typo,GPT-OSS-120B,at-most,1024,757
typo,GPT-OSS-120B,at-most,1024,574
typo,GPT-OSS-120B,at-most,1024,1143
typo,GPT-OSS-120B,at-most,1024,680
typo,GPT-OSS-120B,at-most,1024,417
typo,GPT-OSS-120B,at-most,1024,528
typo,GPT-OSS-120B,at-most,1024,1227
typo,GPT-OSS-120B,at-most,1024,869
typo,GPT-OSS-120B,at-most,1024,1077
typo,GPT-OSS-120B,at-most,1024,772
typo,GPT-OSS-120B,at-most,1024,1531
typo,GPT-OSS-120B,at-most,1024,1138
typo,GPT-OSS-120B,at-most,1024,743
typo,GPT-OSS-120B,at-most,1024,1150
typo,GPT-OSS-120B,at-most,1024,1018
typo,GPT-OSS-120B,at-most,1024,460
typo,GPT-OSS-120B,at-most,1024,38
typo,GPT-OSS-120B,at-most,1024,1
typo,GPT-OSS-120B,at-most,1024,857
typo,GPT-OSS-120B,at-most,1024,530
typo,GPT-OSS-120B,at-most,1024,538
typo,GPT-OSS-120B,at-most,1024,817
typo,GPT-OSS-120B,at-most,1024,758
typo,GPT-OSS-120B,at-most,1024,278
typo,GPT-OSS-120B,at-most,1024,634
typo,GPT-OSS-120B,at-most,1024,675
typo,GPT-OSS-120B,at-most,1024,2728
typo,GPT-OSS-120B,at-most,1024,1295
typo,GPT-OSS-120B,at-most,1024,812
typo,GPT-OSS-120B,at-most,1024,1340
typo,GPT-OSS-120B,at-most,1024,549
typo,GPT-OSS-120B,at-most,1024,821
typo,GPT-OSS-120B,at-most,1024,1562
typo,GPT-OSS-120B,at-most,1024,813
typo,GPT-OSS-120B,at-most,1024,1026
typo,GPT-OSS-120B,at-most,1024,1391
typo,GPT-OSS-120B,at-most,1024,978
typo,GPT-OSS-120B,at-most,1024,1034
typo,GPT-OSS-120B,at-most,1024,526
typo,GPT-OSS-120B,at-most,1024,1026
typo,GPT-OSS-120B,at-most,1024,813
typo,GPT-OSS-120B,at-most,1024,1773
typo,GPT-OSS-120B,at-most,1024,1641
typo,GPT-OSS-120B,at-most,1024,833
typo,GPT-OSS-120B,at-most,1024,1138
typo,GPT-OSS-120B,at-most,16,12
typo,GPT-OSS-120B,at-most,16,15
typo,GPT-OSS-120B,at-most,16,15
typo,GPT-OSS-120B,at-most,16,12
typo,GPT-OSS-120B,at-most,16,16
typo,GPT-OSS-120B,at-most,16,14
typo,GPT-OSS-120B,at-most,16,16
typo,GPT-OSS-120B,at-most,16,13
typo,GPT-OSS-120B,at-most,16,16
typo,GPT-OSS-120B,at-most,16,14
typo,GPT-OSS-120B,at-most,16,16
typo,GPT-OSS-120B,at-most,16,16
typo,GPT-OSS-120B,at-most,16,10
typo,GPT-OSS-120B,at-most,16,15
typo,GPT-OSS-120B,at-most,16,14
typo,GPT-OSS-120B,at-most,16,15
typo,GPT-OSS-120B,at-most,16,17
typo,GPT-OSS-120B,at-most,16,16
typo,GPT-OSS-120B,at-most,16,15
typo,GPT-OSS-120B,at-most,16,14
typo,GPT-OSS-120B,at-most,16,13
typo,GPT-OSS-120B,at-most,16,12
typo,GPT-OSS-120B,at-most,16,14
typo,GPT-OSS-120B,at-most,16,15
typo,GPT-OSS-120B,at-most,16,15
typo,GPT-OSS-120B,at-most,16,15
typo,GPT-OSS-120B,at-most,16,14
typo,GPT-OSS-120B,at-most,16,14
typo,GPT-OSS-120B,at-most,16,15
typo,GPT-OSS-120B,at-most,16,14
typo,GPT-OSS-120B,at-most,16,16
typo,GPT-OSS-120B,at-most,16,14
typo,GPT-OSS-120B,at-most,16,8
typo,GPT-OSS-120B,at-most,16,12
typo,GPT-OSS-120B,at-most,16,15
typo,GPT-OSS-120B,at-most,16,12
typo,GPT-OSS-120B,at-most,16,17
typo,GPT-OSS-120B,at-most,16,15
typo,GPT-OSS-120B,at-most,16,13
typo,GPT-OSS-120B,at-most,16,13
typo,GPT-OSS-120B,at-most,16,13
typo,GPT-OSS-120B,at-most,16,13
typo,GPT-OSS-120B,at-most,16,15
typo,GPT-OSS-120B,at-most,16,14
typo,GPT-OSS-120B,at-most,16,16
typo,GPT-OSS-120B,at-most,16,16
typo,GPT-OSS-120B,at-most,16,14
typo,GPT-OSS-120B,at-most,16,14
typo,GPT-OSS-120B,at-most,16,12
typo,GPT-OSS-120B,at-most,16,16
typo,GPT-OSS-120B,at-most,16,13
typo,GPT-OSS-120B,at-most,16,16
typo,GPT-OSS-120B,at-most,16,15
typo,GPT-OSS-120B,at-most,16,13
typo,GPT-OSS-120B,at-most,16,14
typo,GPT-OSS-120B,at-most,16,15
typo,GPT-OSS-120B,at-most,16,15
typo,GPT-OSS-120B,at-most,16,14
typo,GPT-OSS-120B,at-most,16,13
typo,GPT-OSS-120B,at-most,16,12
typo,GPT-OSS-120B,at-most,16,14
typo,GPT-OSS-120B,at-most,16,13
typo,GPT-OSS-120B,at-most,16,13
typo,GPT-OSS-120B,at-most,16,12
typo,GPT-OSS-120B,at-most,16,15
typo,GPT-OSS-120B,at-most,16,14
typo,GPT-OSS-120B,at-most,16,13
typo,GPT-OSS-120B,at-most,16,16
typo,GPT-OSS-120B,at-most,16,15
typo,GPT-OSS-120B,at-most,16,11
typo,GPT-OSS-120B,at-most,16,13
typo,GPT-OSS-120B,at-most,16,13
typo,GPT-OSS-120B,at-most,16,13
typo,GPT-OSS-120B,at-most,16,15
typo,GPT-OSS-120B,at-most,16,13
typo,GPT-OSS-120B,at-most,16,13
typo,GPT-OSS-120B,at-most,16,13
typo,GPT-OSS-120B,at-most,16,14
typo,GPT-OSS-120B,at-most,16,13
typo,GPT-OSS-120B,at-most,16,16
typo,GPT-OSS-120B,at-most,16,12
typo,GPT-OSS-120B,at-most,16,12
typo,GPT-OSS-120B,at-most,16,14
typo,GPT-OSS-120B,at-most,16,15
typo,GPT-OSS-120B,at-most,16,11
typo,GPT-OSS-120B,at-most,16,16
typo,GPT-OSS-120B,at-most,16,14
typo,GPT-OSS-120B,at-most,16,15
typo,GPT-OSS-120B,at-most,16,11
typo,GPT-OSS-120B,at-most,16,13
typo,GPT-OSS-120B,at-most,16,14
typo,GPT-OSS-120B,at-most,16,14
typo,GPT-OSS-120B,at-most,16,16
typo,GPT-OSS-120B,at-most,16,11
typo,GPT-OSS-120B,at-most,16,13
typo,GPT-OSS-120B,at-most,16,9
typo,GPT-OSS-120B,at-most,16,15
typo,GPT-OSS-120B,at-most,16,13
typo,GPT-OSS-120B,at-most,16,13
typo,GPT-OSS-120B,at-most,16,11
typo,GPT-OSS-120B,at-most,16,15
typo,GPT-OSS-120B,at-most,16,11
typo,GPT-OSS-120B,at-most,16,13
typo,GPT-OSS-120B,at-most,16,12
typo,GPT-OSS-120B,at-most,16,11
typo,GPT-OSS-120B,at-most,16,13
typo,GPT-OSS-120B,at-most,16,15
typo,GPT-OSS-120B,at-most,16,13
typo,GPT-OSS-120B,at-most,16,14
typo,GPT-OSS-120B,at-most,16,16
typo,GPT-OSS-120B,at-most,16,9
typo,GPT-OSS-120B,at-most,16,17
typo,GPT-OSS-120B,at-most,16,16
typo,GPT-OSS-120B,at-most,16,11
typo,GPT-OSS-120B,at-most,16,16
typo,GPT-OSS-120B,at-most,16,14
typo,GPT-OSS-120B,at-most,16,13
typo,GPT-OSS-120B,at-most,16,14
typo,GPT-OSS-120B,at-most,16,15
typo,GPT-OSS-120B,at-most,16,11
typo,GPT-OSS-120B,at-most,16,16
typo,GPT-OSS-120B,at-most,16,12
typo,GPT-OSS-120B,at-most,16,15
typo,GPT-OSS-120B,at-most,16,13
typo,GPT-OSS-120B,at-most,16,17
typo,GPT-OSS-120B,at-most,16,15
typo,GPT-OSS-120B,at-most,16,11
typo,GPT-OSS-120B,at-most,16,14
typo,GPT-OSS-120B,at-most,16,15
typo,GPT-OSS-120B,at-most,16,14
typo,GPT-OSS-120B,at-most,16,15
typo,GPT-OSS-120B,at-most,16,13
typo,GPT-OSS-120B,at-most,16,11
typo,GPT-OSS-120B,at-most,16,13
typo,GPT-OSS-120B,at-most,16,14
typo,GPT-OSS-120B,at-most,16,13
typo,GPT-OSS-120B,at-most,16,15
typo,GPT-OSS-120B,at-most,16,49
typo,GPT-OSS-120B,at-most,16,14
typo,GPT-OSS-120B,at-most,16,12
typo,GPT-OSS-120B,at-most,16,16
typo,GPT-OSS-120B,at-most,16,9
typo,GPT-OSS-120B,at-most,16,15
typo,GPT-OSS-120B,at-most,16,14
typo,GPT-OSS-120B,at-most,16,14
typo,GPT-OSS-120B,at-most,16,13
typo,GPT-OSS-120B,at-most,16,14
typo,GPT-OSS-120B,at-most,16,13
typo,GPT-OSS-120B,at-most,16,15
typo,GPT-OSS-120B,at-most,16,13
typo,GPT-OSS-120B,at-most,16,12
typo,GPT-OSS-120B,at-most,16,9
typo,GPT-OSS-120B,at-most,16,9
typo,GPT-OSS-120B,at-most,16,14
typo,GPT-OSS-120B,at-most,16,15
typo,GPT-OSS-120B,at-most,16,14
typo,GPT-OSS-120B,at-most,16,12
typo,GPT-OSS-120B,at-most,16,13
typo,GPT-OSS-120B,at-most,16,9
typo,GPT-OSS-120B,at-most,16,14
typo,GPT-OSS-120B,at-most,16,13
typo,GPT-OSS-120B,at-most,16,15
typo,GPT-OSS-120B,at-most,16,15
typo,GPT-OSS-120B,at-most,16,16
typo,GPT-OSS-120B,at-most,16,16
typo,GPT-OSS-120B,at-most,16,13
typo,GPT-OSS-120B,at-most,16,15
typo,GPT-OSS-120B,at-most,16,14
typo,GPT-OSS-120B,at-most,16,14
typo,GPT-OSS-120B,at-most,16,13
typo,GPT-OSS-120B,at-most,16,14
typo,GPT-OSS-120B,at-most,16,13
typo,GPT-OSS-120B,at-most,16,18
typo,GPT-OSS-120B,at-most,16,14
typo,GPT-OSS-120B,at-most,16,15
typo,GPT-OSS-120B,at-most,16,15
typo,GPT-OSS-120B,at-most,16,16
typo,GPT-OSS-120B,at-most,16,16
typo,GPT-OSS-120B,at-most,16,13
typo,GPT-OSS-120B,at-most,16,14
typo,GLM-5.1,at-most,16,7
typo,GLM-5.1,at-most,16,14
typo,GLM-5.1,at-most,16,15
typo,GLM-5.1,at-most,16,11
typo,GLM-5.1,at-most,16,16
typo,GLM-5.1,at-most,16,14
typo,GLM-5.1,at-most,16,14
typo,GLM-5.1,at-most,16,12
typo,GLM-5.1,at-most,16,12
typo,GLM-5.1,at-most,16,14
typo,GLM-5.1,at-most,16,14
typo,GLM-5.1,at-most,16,11
typo,GLM-5.1,at-most,16,11
typo,GLM-5.1,at-most,16,13
typo,GLM-5.1,at-most,16,14
typo,GLM-5.1,at-most,16,15
typo,GLM-5.1,at-most,16,12
typo,GLM-5.1,at-most,16,13
typo,GLM-5.1,at-most,16,10
typo,GLM-5.1,at-most,16,13
typo,GLM-5.1,at-most,16,10
typo,GLM-5.1,at-most,16,11
typo,GLM-5.1,at-most,16,13
typo,GLM-5.1,at-most,16,13
typo,GLM-5.1,at-most,16,14
typo,GLM-5.1,at-most,16,8
typo,GLM-5.1,at-most,16,12
typo,GLM-5.1,at-most,16,11
typo,GLM-5.1,at-most,16,13
typo,GLM-5.1,at-most,16,11
typo,GLM-5.1,at-most,16,14
typo,GLM-5.1,at-most,16,14
typo,GLM-5.1,at-most,16,20
typo,GLM-5.1,at-most,16,12
typo,GLM-5.1,at-most,16,12
typo,GLM-5.1,at-most,16,15
typo,GLM-5.1,at-most,16,14
typo,GLM-5.1,at-most,16,15
typo,GLM-5.1,at-most,16,15
typo,GLM-5.1,at-most,16,13
typo,GLM-5.1,at-most,16,11
typo,GLM-5.1,at-most,16,7
typo,GLM-5.1,at-most,16,15
typo,GLM-5.1,at-most,16,10
typo,GLM-5.1,at-most,16,15
typo,GLM-5.1,at-most,16,15
typo,GLM-5.1,at-most,16,11
typo,GLM-5.1,at-most,16,13
typo,GLM-5.1,at-most,16,13
typo,GLM-5.1,at-most,16,16
typo,GLM-5.1,at-most,16,14
typo,GLM-5.1,at-most,16,16
typo,GLM-5.1,at-most,16,14
typo,GLM-5.1,at-most,16,13
typo,GLM-5.1,at-most,16,12
typo,GLM-5.1,at-most,16,15
typo,GLM-5.1,at-most,16,13
typo,GLM-5.1,at-most,16,14
typo,GLM-5.1,at-most,16,12
typo,GLM-5.1,at-most,16,13
typo,GLM-5.1,at-most,16,12
typo,GLM-5.1,at-most,16,12
typo,GLM-5.1,at-most,16,13
typo,GLM-5.1,at-most,16,14
typo,GLM-5.1,at-most,16,14
typo,GLM-5.1,at-most,16,15
typo,GLM-5.1,at-most,16,6
typo,GLM-5.1,at-most,16,14
typo,GLM-5.1,at-most,16,16
typo,GLM-5.1,at-most,16,5
typo,GLM-5.1,at-most,16,10
typo,GLM-5.1,at-most,16,13
typo,GLM-5.1,at-most,16,9
typo,GLM-5.1,at-most,16,14
typo,GLM-5.1,at-most,16,11
typo,GLM-5.1,at-most,16,13
typo,GLM-5.1,at-most,16,14
typo,GLM-5.1,at-most,16,14
typo,GLM-5.1,at-most,16,7
typo,GLM-5.1,at-most,16,12
typo,GLM-5.1,at-most,16,14
typo,GLM-5.1,at-most,16,12
typo,GLM-5.1,at-most,16,14
typo,GLM-5.1,at-most,16,14
typo,GLM-5.1,at-most,16,12
typo,GLM-5.1,at-most,16,14
typo,GLM-5.1,at-most,16,13
typo,GLM-5.1,at-most,16,11
typo,GLM-5.1,at-most,16,9
typo,GLM-5.1,at-most,16,15
typo,GLM-5.1,at-most,16,12
typo,GLM-5.1,at-most,16,14
typo,GLM-5.1,at-most,16,12
typo,GLM-5.1,at-most,16,12
typo,GLM-5.1,at-most,16,12
typo,GLM-5.1,at-most,16,14
typo,GLM-5.1,at-most,16,13
typo,GLM-5.1,at-most,16,14
typo,GLM-5.1,at-most,16,12
typo,GLM-5.1,at-most,16,12
typo,GLM-5.1,at-most,16,11
typo,GLM-5.1,at-most,16,9
typo,GLM-5.1,at-most,16,9
typo,GLM-5.1,at-most,16,11
typo,GLM-5.1,at-most,16,12
typo,GLM-5.1,at-most,16,9
typo,GLM-5.1,at-most,16,10
typo,GLM-5.1,at-most,16,11
typo,GLM-5.1,at-most,16,10
typo,GLM-5.1,at-most,16,14
typo,GLM-5.1,at-most,16,10
typo,GLM-5.1,at-most,16,12
typo,GLM-5.1,at-most,16,13
typo,GLM-5.1,at-most,16,6
typo,GLM-5.1,at-most,16,15
typo,GLM-5.1,at-most,16,11
typo,GLM-5.1,at-most,16,7
typo,GLM-5.1,at-most,16,10
typo,GLM-5.1,at-most,16,11
typo,GLM-5.1,at-most,16,12
typo,GLM-5.1,at-most,16,14
typo,GLM-5.1,at-most,16,15
typo,GLM-5.1,at-most,16,10
typo,GLM-5.1,at-most,16,13
typo,GLM-5.1,at-most,16,14
typo,GLM-5.1,at-most,16,15
typo,GLM-5.1,at-most,16,4
typo,GLM-5.1,at-most,16,14
typo,GLM-5.1,at-most,16,14
typo,GLM-5.1,at-most,16,15
typo,GLM-5.1,at-most,16,14
typo,GLM-5.1,at-most,16,13
typo,GLM-5.1,at-most,16,13
typo,GLM-5.1,at-most,16,14
typo,GLM-5.1,at-most,16,15
typo,GLM-5.1,at-most,16,12
typo,GLM-5.1,at-most,16,14
typo,GLM-5.1,at-most,16,12
typo,GLM-5.1,at-most,16,13
typo,GLM-5.1,at-most,16,7
typo,GLM-5.1,at-most,16,14
typo,GLM-5.1,at-most,16,13
typo,GLM-5.1,at-most,16,13
typo,GLM-5.1,at-most,16,14
typo,GLM-5.1,at-most,16,13
typo,GLM-5.1,at-most,16,12
typo,GLM-5.1,at-most,16,13
typo,GLM-5.1,at-most,16,10
typo,GLM-5.1,at-most,16,14
typo,GLM-5.1,at-most,16,14
typo,GLM-5.1,at-most,16,14
typo,GLM-5.1,at-most,16,9
typo,GLM-5.1,at-most,16,12
typo,GLM-5.1,at-most,16,13
typo,GLM-5.1,at-most,16,14
typo,GLM-5.1,at-most,16,11
typo,GLM-5.1,at-most,16,9
typo,GLM-5.1,at-most,16,14
typo,GLM-5.1,at-most,16,5
typo,GLM-5.1,at-most,16,15
typo,GLM-5.1,at-most,16,14
typo,GLM-5.1,at-most,16,15
typo,GLM-5.1,at-most,16,15
typo,GLM-5.1,at-most,16,14
typo,GLM-5.1,at-most,16,16
typo,GLM-5.1,at-most,16,15
typo,GLM-5.1,at-most,16,16
typo,GLM-5.1,at-most,16,15
typo,GLM-5.1,at-most,16,13
typo,GLM-5.1,at-most,16,13
typo,GLM-5.1,at-most,16,16
typo,GLM-5.1,at-most,16,15
typo,GLM-5.1,at-most,16,18
typo,GLM-5.1,at-most,16,13
typo,GLM-5.1,at-most,16,11
typo,GLM-5.1,at-most,16,14
typo,GLM-5.1,at-most,16,19
typo,GLM-5.1,at-most,16,15
typo,GLM-5.1,at-most,16,15
typo,GLM-5.1,at-most,16,15
typo,GPT-OSS-120B,at-least,1024,2558
typo,GPT-OSS-120B,at-least,1024,2508
typo,GPT-OSS-120B,at-least,1024,5650
typo,GPT-OSS-120B,at-least,1024,1615
typo,GPT-OSS-120B,at-least,1024,2985
typo,GPT-OSS-120B,at-least,1024,2773
typo,GPT-OSS-120B,at-least,1024,3945
typo,GPT-OSS-120B,at-least,1024,2601
typo,GPT-OSS-120B,at-least,1024,3008
typo,GPT-OSS-120B,at-least,1024,3580
typo,GPT-OSS-120B,at-least,1024,3650
typo,GPT-OSS-120B,at-least,1024,3883
typo,GPT-OSS-120B,at-least,1024,2506
typo,GPT-OSS-120B,at-least,1024,3297
typo,GPT-OSS-120B,at-least,1024,2662
typo,GPT-OSS-120B,at-least,1024,2793
typo,GPT-OSS-120B,at-least,1024,4044
typo,GPT-OSS-120B,at-least,1024,2644
typo,GPT-OSS-120B,at-least,1024,3428
typo,GPT-OSS-120B,at-least,1024,4240
typo,GPT-OSS-120B,at-least,1024,3749
typo,GPT-OSS-120B,at-least,1024,4558
typo,GPT-OSS-120B,at-least,1024,2636
typo,GPT-OSS-120B,at-least,1024,2806
typo,GPT-OSS-120B,at-least,1024,3881
typo,GPT-OSS-120B,at-least,1024,4736
typo,GPT-OSS-120B,at-least,1024,2624
typo,GPT-OSS-120B,at-least,1024,3471
typo,GPT-OSS-120B,at-least,1024,4380
typo,GPT-OSS-120B,at-least,1024,4506
typo,GPT-OSS-120B,at-least,1024,4778
typo,GPT-OSS-120B,at-least,1024,3165
typo,GPT-OSS-120B,at-least,1024,3020
typo,GPT-OSS-120B,at-least,1024,3264
typo,GPT-OSS-120B,at-least,1024,3537
typo,GPT-OSS-120B,at-least,1024,4006
typo,GPT-OSS-120B,at-least,1024,2726
typo,GPT-OSS-120B,at-least,1024,3826
typo,GPT-OSS-120B,at-least,1024,2242
typo,GPT-OSS-120B,at-least,1024,4650
typo,GPT-OSS-120B,at-least,1024,4580
typo,GPT-OSS-120B,at-least,1024,4213
typo,GPT-OSS-120B,at-least,1024,3943
typo,GPT-OSS-120B,at-least,1024,3854
typo,GPT-OSS-120B,at-least,1024,2893
typo,GPT-OSS-120B,at-least,1024,3461
typo,GPT-OSS-120B,at-least,1024,4333
typo,GPT-OSS-120B,at-least,1024,2354
typo,GPT-OSS-120B,at-least,1024,8
typo,GPT-OSS-120B,at-least,1024,2623
typo,GPT-OSS-120B,at-least,1024,1793
typo,GPT-OSS-120B,at-least,1024,3070
typo,GPT-OSS-120B,at-least,1024,3583
typo,GPT-OSS-120B,at-least,1024,4498
typo,GPT-OSS-120B,at-least,1024,1779
typo,GPT-OSS-120B,at-least,1024,2967
typo,GPT-OSS-120B,at-least,1024,1668
typo,GPT-OSS-120B,at-least,1024,3916
typo,GPT-OSS-120B,at-least,1024,3595
typo,GPT-OSS-120B,at-least,1024,2866
typo,GPT-OSS-120B,at-least,1024,3050
typo,GPT-OSS-120B,at-least,1024,2100
typo,GPT-OSS-120B,at-least,1024,2858
typo,GPT-OSS-120B,at-least,1024,2696
typo,GPT-OSS-120B,at-least,1024,3003
typo,GPT-OSS-120B,at-least,1024,3934
typo,GPT-OSS-120B,at-least,1024,2184
typo,GPT-OSS-120B,at-least,1024,3289
typo,GPT-OSS-120B,at-least,1024,4456
typo,GPT-OSS-120B,at-least,1024,1454
typo,GPT-OSS-120B,at-least,1024,2924
typo,GPT-OSS-120B,at-least,1024,2910
typo,GPT-OSS-120B,at-least,1024,2207
typo,GPT-OSS-120B,at-least,1024,2790
typo,GPT-OSS-120B,at-least,1024,2194
typo,GPT-OSS-120B,at-least,1024,2894
typo,GPT-OSS-120B,at-least,1024,3309
typo,GPT-OSS-120B,at-least,1024,2752
typo,GPT-OSS-120B,at-least,1024,2321
typo,GPT-OSS-120B,at-least,1024,2812
typo,GPT-OSS-120B,at-least,1024,2764
typo,GPT-OSS-120B,at-least,1024,6960
typo,GPT-OSS-120B,at-least,1024,2739
typo,GPT-OSS-120B,at-least,1024,3107
typo,GPT-OSS-120B,at-least,1024,3129
typo,GPT-OSS-120B,at-least,1024,5078
typo,GPT-OSS-120B,at-least,1024,5139
typo,GPT-OSS-120B,at-least,1024,4115
typo,GPT-OSS-120B,at-least,1024,2145
typo,GPT-OSS-120B,at-least,1024,2913
typo,GPT-OSS-120B,at-least,1024,3063
typo,GPT-OSS-120B,at-least,1024,3163
typo,GPT-OSS-120B,at-least,1024,1833
typo,GPT-OSS-120B,at-least,1024,2994
typo,GPT-OSS-120B,at-least,1024,2836
typo,GPT-OSS-120B,at-least,1024,2629
typo,GPT-OSS-120B,at-least,1024,3301
typo,GPT-OSS-120B,at-least,1024,2101
typo,GPT-OSS-120B,at-least,1024,2213
typo,GPT-OSS-120B,at-least,1024,3877
typo,GPT-OSS-120B,at-least,1024,3864
typo,GPT-OSS-120B,at-least,1024,3622
typo,GPT-OSS-120B,at-least,1024,2888
typo,GPT-OSS-120B,at-least,1024,2813
typo,GPT-OSS-120B,at-least,1024,2124
typo,GPT-OSS-120B,at-least,1024,3038
typo,GPT-OSS-120B,at-least,1024,2606
typo,GPT-OSS-120B,at-least,1024,1989
typo,GPT-OSS-120B,at-least,1024,2579
typo,GPT-OSS-120B,at-least,1024,2810
typo,GPT-OSS-120B,at-least,1024,2484
typo,GPT-OSS-120B,at-least,1024,3742
typo,GPT-OSS-120B,at-least,1024,3392
typo,GPT-OSS-120B,at-least,1024,3004
typo,GPT-OSS-120B,at-least,1024,3226
typo,GPT-OSS-120B,at-least,1024,2722
typo,GPT-OSS-120B,at-least,1024,2898
typo,GPT-OSS-120B,at-least,1024,2862
typo,GPT-OSS-120B,at-least,1024,3071
typo,GPT-OSS-120B,at-least,1024,1363
typo,GPT-OSS-120B,at-least,1024,1766
typo,GPT-OSS-120B,at-least,1024,2103
typo,GPT-OSS-120B,at-least,1024,2780
typo,GPT-OSS-120B,at-least,1024,2769
typo,GPT-OSS-120B,at-least,1024,2844
typo,GPT-OSS-120B,at-least,1024,3779
typo,GPT-OSS-120B,at-least,1024,2187
typo,GPT-OSS-120B,at-least,1024,3627
typo,GPT-OSS-120B,at-least,1024,2918
typo,GPT-OSS-120B,at-least,1024,3526
typo,GPT-OSS-120B,at-least,1024,2442
typo,GPT-OSS-120B,at-least,1024,2955
typo,GPT-OSS-120B,at-least,1024,2920
typo,GPT-OSS-120B,at-least,1024,2320
typo,GPT-OSS-120B,at-least,1024,3144
typo,GPT-OSS-120B,at-least,1024,3648
typo,GPT-OSS-120B,at-least,1024,3157
typo,GPT-OSS-120B,at-least,1024,2650
typo,GPT-OSS-120B,at-least,1024,2240
typo,GPT-OSS-120B,at-least,1024,3118
typo,GPT-OSS-120B,at-least,1024,2606
typo,GPT-OSS-120B,at-least,1024,3157
typo,GPT-OSS-120B,at-least,1024,2756
typo,GPT-OSS-120B,at-least,1024,3784
typo,GPT-OSS-120B,at-least,1024,4722
typo,GPT-OSS-120B,at-least,1024,3177
typo,GPT-OSS-120B,at-least,1024,3126
typo,GPT-OSS-120B,at-least,1024,3510
typo,GPT-OSS-120B,at-least,1024,3326
typo,GPT-OSS-120B,at-least,1024,2101
typo,GPT-OSS-120B,at-least,1024,3065
typo,GPT-OSS-120B,at-least,1024,3445
typo,GPT-OSS-120B,at-least,1024,2248
typo,GPT-OSS-120B,at-least,1024,2138
typo,GPT-OSS-120B,at-least,1024,2727
typo,GPT-OSS-120B,at-least,1024,3442
typo,GPT-OSS-120B,at-least,1024,2065
typo,GPT-OSS-120B,at-least,1024,3594
typo,GPT-OSS-120B,at-least,1024,1996
typo,GPT-OSS-120B,at-least,1024,3092
typo,GPT-OSS-120B,at-least,1024,2236
typo,GPT-OSS-120B,at-least,1024,3557
typo,GPT-OSS-120B,at-least,1024,3105
typo,GPT-OSS-120B,at-least,1024,2035
typo,GPT-OSS-120B,at-least,1024,2854
typo,GPT-OSS-120B,at-least,1024,1685
typo,GPT-OSS-120B,at-least,1024,1921
typo,GPT-OSS-120B,at-least,1024,3502
typo,GPT-OSS-120B,at-least,1024,2703
typo,GPT-OSS-120B,at-least,1024,2226
typo,GPT-OSS-120B,at-least,1024,3759
typo,GPT-OSS-120B,at-least,1024,3293
typo,GPT-OSS-120B,at-least,1024,3450
typo,GPT-OSS-120B,at-least,1024,2012
typo,GPT-OSS-120B,at-least,1024,3278
typo,GPT-OSS-120B,at-least,1024,2455
typo,GPT-OSS-120B,at-least,1024,2847
typo,GPT-OSS-120B,at-least,1024,3425
typo,GPT-OSS-120B,at-least,1024,1237
typo,GPT-OSS-120B,at-least,1024,2476
typo,GLM-5.1,at-least,1024,1343
typo,GLM-5.1,at-least,1024,1409
typo,GLM-5.1,at-least,1024,1786
typo,GLM-5.1,at-least,1024,1348
typo,GLM-5.1,at-least,1024,1383
typo,GLM-5.1,at-least,1024,1728
typo,GLM-5.1,at-least,1024,1680
typo,GLM-5.1,at-least,1024,1571
typo,GLM-5.1,at-least,1024,1144
typo,GLM-5.1,at-least,1024,1276
typo,GLM-5.1,at-least,1024,1158
typo,GLM-5.1,at-least,1024,1182
typo,GLM-5.1,at-least,1024,1763
typo,GLM-5.1,at-least,1024,2335
typo,GLM-5.1,at-least,1024,1363
typo,GLM-5.1,at-least,1024,1431
typo,GLM-5.1,at-least,1024,1762
typo,GLM-5.1,at-least,1024,1309
typo,GLM-5.1,at-least,1024,2774
typo,GLM-5.1,at-least,1024,1404
typo,GLM-5.1,at-least,1024,1198
typo,GLM-5.1,at-least,1024,1970
typo,GLM-5.1,at-least,1024,1167
typo,GLM-5.1,at-least,1024,1597
typo,GLM-5.1,at-least,1024,1525
typo,GLM-5.1,at-least,1024,3915
typo,GLM-5.1,at-least,1024,1292
typo,GLM-5.1,at-least,1024,1373
typo,GLM-5.1,at-least,1024,954
typo,GLM-5.1,at-least,1024,1425
typo,GLM-5.1,at-least,1024,1319
typo,GLM-5.1,at-least,1024,1507
typo,GLM-5.1,at-least,1024,110
typo,GLM-5.1,at-least,1024,1164
typo,GLM-5.1,at-least,1024,1414
typo,GLM-5.1,at-least,1024,2267
typo,GLM-5.1,at-least,1024,1129
typo,GLM-5.1,at-least,1024,1486
typo,GLM-5.1,at-least,1024,1436
typo,GLM-5.1,at-least,1024,1155
typo,GLM-5.1,at-least,1024,1754
typo,GLM-5.1,at-least,1024,1612
typo,GLM-5.1,at-least,1024,1700
typo,GLM-5.1,at-least,1024,1450
typo,GLM-5.1,at-least,1024,1743
typo,GLM-5.1,at-least,1024,1375
typo,GLM-5.1,at-least,1024,1460
typo,GLM-5.1,at-least,1024,2251
typo,GLM-5.1,at-least,1024,128
typo,GLM-5.1,at-least,1024,1266
typo,GLM-5.1,at-least,1024,2034
typo,GLM-5.1,at-least,1024,1475
typo,GLM-5.1,at-least,1024,1400
typo,GLM-5.1,at-least,1024,1177
typo,GLM-5.1,at-least,1024,1956
typo,GLM-5.1,at-least,1024,1364
typo,GLM-5.1,at-least,1024,1710
typo,GLM-5.1,at-least,1024,1590
typo,GLM-5.1,at-least,1024,1116
typo,GLM-5.1,at-least,1024,1509
typo,GLM-5.1,at-least,1024,1355
typo,GLM-5.1,at-least,1024,2821
typo,GLM-5.1,at-least,1024,1569
typo,GLM-5.1,at-least,1024,1986
typo,GLM-5.1,at-least,1024,1209
typo,GLM-5.1,at-least,1024,1375
typo,GLM-5.1,at-least,1024,1243
typo,GLM-5.1,at-least,1024,1847
typo,GLM-5.1,at-least,1024,1635
typo,GLM-5.1,at-least,1024,1087
typo,GLM-5.1,at-least,1024,1405
typo,GLM-5.1,at-least,1024,1508
typo,GLM-5.1,at-least,1024,981
typo,GLM-5.1,at-least,1024,1511
typo,GLM-5.1,at-least,1024,1416
typo,GLM-5.1,at-least,1024,1578
typo,GLM-5.1,at-least,1024,2069
typo,GLM-5.1,at-least,1024,1599
typo,GLM-5.1,at-least,1024,1836
typo,GLM-5.1,at-least,1024,1334
typo,GLM-5.1,at-least,1024,1106
typo,GLM-5.1,at-least,1024,1359
typo,GLM-5.1,at-least,1024,2918
typo,GLM-5.1,at-least,1024,1257
typo,GLM-5.1,at-least,1024,1574
typo,GLM-5.1,at-least,1024,1611
typo,GLM-5.1,at-least,1024,1545
typo,GLM-5.1,at-least,1024,1940
typo,GLM-5.1,at-least,1024,1544
typo,GLM-5.1,at-least,1024,1681
typo,GLM-5.1,at-least,1024,1462
typo,GLM-5.1,at-least,1024,1562
typo,GLM-5.1,at-least,1024,2841
typo,GLM-5.1,at-least,1024,1480
typo,GLM-5.1,at-least,1024,1805
typo,GLM-5.1,at-least,1024,1822
typo,GLM-5.1,at-least,1024,1161
typo,GLM-5.1,at-least,1024,1213
typo,GLM-5.1,at-least,1024,1818
typo,GLM-5.1,at-least,1024,1530
typo,GLM-5.1,at-least,1024,2047
typo,GLM-5.1,at-least,1024,1179
typo,GLM-5.1,at-least,1024,1876
typo,GLM-5.1,at-least,1024,2067
typo,GLM-5.1,at-least,1024,1592
typo,GLM-5.1,at-least,1024,1871
typo,GLM-5.1,at-least,1024,2003
typo,GLM-5.1,at-least,1024,1148
typo,GLM-5.1,at-least,1024,2272
typo,GLM-5.1,at-least,1024,1783
typo,GLM-5.1,at-least,1024,1830
typo,GLM-5.1,at-least,1024,1370
typo,GLM-5.1,at-least,1024,1528
typo,GLM-5.1,at-least,1024,1375
typo,GLM-5.1,at-least,1024,1336
typo,GLM-5.1,at-least,1024,1280
typo,GLM-5.1,at-least,1024,1497
typo,GLM-5.1,at-least,1024,1792
typo,GLM-5.1,at-least,1024,1361
typo,GLM-5.1,at-least,1024,1197
typo,GLM-5.1,at-least,1024,1988
typo,GLM-5.1,at-least,1024,2607
typo,GLM-5.1,at-least,1024,1554
typo,GLM-5.1,at-least,1024,1920
typo,GLM-5.1,at-least,1024,1446
typo,GLM-5.1,at-least,1024,2358
typo,GLM-5.1,at-least,1024,1714
typo,GLM-5.1,at-least,1024,837
typo,GLM-5.1,at-least,1024,1763
typo,GLM-5.1,at-least,1024,1615
typo,GLM-5.1,at-least,1024,1475
typo,GLM-5.1,at-least,1024,1312
typo,GLM-5.1,at-least,1024,2040
typo,GLM-5.1,at-least,1024,1465
typo,GLM-5.1,at-least,1024,1631
typo,GLM-5.1,at-least,1024,1468
typo,GLM-5.1,at-least,1024,1525
typo,GLM-5.1,at-least,1024,2008
typo,GLM-5.1,at-least,1024,1884
typo,GLM-5.1,at-least,1024,1637
typo,GLM-5.1,at-least,1024,1845
typo,GLM-5.1,at-least,1024,1358
typo,GLM-5.1,at-least,1024,1804
typo,GLM-5.1,at-least,1024,1478
typo,GLM-5.1,at-least,1024,1699
typo,GLM-5.1,at-least,1024,1416
typo,GLM-5.1,at-least,1024,1447
typo,GLM-5.1,at-least,1024,1298
typo,GLM-5.1,at-least,1024,1302
typo,GLM-5.1,at-least,1024,1435
typo,GLM-5.1,at-least,1024,1974
typo,GLM-5.1,at-least,1024,845
typo,GLM-5.1,at-least,1024,1583
typo,GLM-5.1,at-least,1024,1991
typo,GLM-5.1,at-least,1024,1299
typo,GLM-5.1,at-least,1024,1864
typo,GLM-5.1,at-least,1024,1376
typo,GLM-5.1,at-least,1024,1086
typo,GLM-5.1,at-least,1024,1891
typo,GLM-5.1,at-least,1024,1238
typo,GLM-5.1,at-least,1024,1497
typo,GLM-5.1,at-least,1024,1407
typo,GLM-5.1,at-least,1024,1640
typo,GLM-5.1,at-least,1024,883
typo,GLM-5.1,at-least,1024,1080
typo,GLM-5.1,at-least,1024,1507
typo,GLM-5.1,at-least,1024,2492
typo,GLM-5.1,at-least,1024,1696
typo,GLM-5.1,at-least,1024,2889
typo,GLM-5.1,at-least,1024,3080
typo,GPT-OSS-120B,at-least,16,72
typo,GPT-OSS-120B,at-least,16,361
typo,GPT-OSS-120B,at-least,16,58
typo,GPT-OSS-120B,at-least,16,45
typo,GPT-OSS-120B,at-least,16,174
typo,GPT-OSS-120B,at-least,16,50
typo,GPT-OSS-120B,at-least,16,123
typo,GPT-OSS-120B,at-least,16,28
typo,GPT-OSS-120B,at-least,16,330
typo,GPT-OSS-120B,at-least,16,102
typo,GPT-OSS-120B,at-least,16,124
typo,GPT-OSS-120B,at-least,16,378
typo,GPT-OSS-120B,at-least,16,22
typo,GPT-OSS-120B,at-least,16,290
typo,GPT-OSS-120B,at-least,16,138
typo,GPT-OSS-120B,at-least,16,105
typo,GPT-OSS-120B,at-least,16,140
typo,GPT-OSS-120B,at-least,16,178
typo,GPT-OSS-120B,at-least,16,123
typo,GPT-OSS-120B,at-least,16,196
typo,GPT-OSS-120B,at-least,16,226
typo,GPT-OSS-120B,at-least,16,30
typo,GPT-OSS-120B,at-least,16,26
typo,GPT-OSS-120B,at-least,16,59
typo,GPT-OSS-120B,at-least,16,27
typo,GPT-OSS-120B,at-least,16,226
typo,GPT-OSS-120B,at-least,16,199
typo,GPT-OSS-120B,at-least,16,248
typo,GPT-OSS-120B,at-least,16,47
typo,GPT-OSS-120B,at-least,16,18
typo,GPT-OSS-120B,at-least,16,108
typo,GPT-OSS-120B,at-least,16,199
typo,GPT-OSS-120B,at-least,16,8
typo,GPT-OSS-120B,at-least,16,257
typo,GPT-OSS-120B,at-least,16,65
typo,GPT-OSS-120B,at-least,16,35
typo,GPT-OSS-120B,at-least,16,89
typo,GPT-OSS-120B,at-least,16,49
typo,GPT-OSS-120B,at-least,16,74
typo,GPT-OSS-120B,at-least,16,102
typo,GPT-OSS-120B,at-least,16,123
typo,GPT-OSS-120B,at-least,16,142
typo,GPT-OSS-120B,at-least,16,181
typo,GPT-OSS-120B,at-least,16,22
typo,GPT-OSS-120B,at-least,16,116
typo,GPT-OSS-120B,at-least,16,68
typo,GPT-OSS-120B,at-least,16,107
typo,GPT-OSS-120B,at-least,16,194
typo,GPT-OSS-120B,at-least,16,86
typo,GPT-OSS-120B,at-least,16,74
typo,GPT-OSS-120B,at-least,16,51
typo,GPT-OSS-120B,at-least,16,73
typo,GPT-OSS-120B,at-least,16,115
typo,GPT-OSS-120B,at-least,16,242
typo,GPT-OSS-120B,at-least,16,33
typo,GPT-OSS-120B,at-least,16,93
typo,GPT-OSS-120B,at-least,16,74
typo,GPT-OSS-120B,at-least,16,91
typo,GPT-OSS-120B,at-least,16,22
typo,GPT-OSS-120B,at-least,16,93
typo,GPT-OSS-120B,at-least,16,40
typo,GPT-OSS-120B,at-least,16,21
typo,GPT-OSS-120B,at-least,16,26
typo,GPT-OSS-120B,at-least,16,43
typo,GPT-OSS-120B,at-least,16,59
typo,GPT-OSS-120B,at-least,16,32
typo,GPT-OSS-120B,at-least,16,63
typo,GPT-OSS-120B,at-least,16,68
typo,GPT-OSS-120B,at-least,16,101
typo,GPT-OSS-120B,at-least,16,40
typo,GPT-OSS-120B,at-least,16,105
typo,GPT-OSS-120B,at-least,16,32
typo,GPT-OSS-120B,at-least,16,18
typo,GPT-OSS-120B,at-least,16,21
typo,GPT-OSS-120B,at-least,16,28
typo,GPT-OSS-120B,at-least,16,46
typo,GPT-OSS-120B,at-least,16,51
typo,GPT-OSS-120B,at-least,16,135
typo,GPT-OSS-120B,at-least,16,27
typo,GPT-OSS-120B,at-least,16,54
typo,GPT-OSS-120B,at-least,16,20
typo,GPT-OSS-120B,at-least,16,27
typo,GPT-OSS-120B,at-least,16,121
typo,GPT-OSS-120B,at-least,16,87
typo,GPT-OSS-120B,at-least,16,34
typo,GPT-OSS-120B,at-least,16,59
typo,GPT-OSS-120B,at-least,16,127
typo,GPT-OSS-120B,at-least,16,34
typo,GPT-OSS-120B,at-least,16,21
typo,GPT-OSS-120B,at-least,16,45
typo,GPT-OSS-120B,at-least,16,324
typo,GPT-OSS-120B,at-least,16,25
typo,GPT-OSS-120B,at-least,16,50
typo,GPT-OSS-120B,at-least,16,18
typo,GPT-OSS-120B,at-least,16,18
typo,GPT-OSS-120B,at-least,16,20
typo,GPT-OSS-120B,at-least,16,203
typo,GPT-OSS-120B,at-least,16,16
typo,GPT-OSS-120B,at-least,16,17
typo,GPT-OSS-120B,at-least,16,141
typo,GPT-OSS-120B,at-least,16,29
typo,GPT-OSS-120B,at-least,16,57
typo,GPT-OSS-120B,at-least,16,16
typo,GPT-OSS-120B,at-least,16,100
typo,GPT-OSS-120B,at-least,16,20
typo,GPT-OSS-120B,at-least,16,16
typo,GPT-OSS-120B,at-least,16,35
typo,GPT-OSS-120B,at-least,16,19
typo,GPT-OSS-120B,at-least,16,16
typo,GPT-OSS-120B,at-least,16,69
typo,GPT-OSS-120B,at-least,16,17
typo,GPT-OSS-120B,at-least,16,142
typo,GPT-OSS-120B,at-least,16,29
typo,GPT-OSS-120B,at-least,16,62
typo,GPT-OSS-120B,at-least,16,40
typo,GPT-OSS-120B,at-least,16,66
typo,GPT-OSS-120B,at-least,16,36
typo,GPT-OSS-120B,at-least,16,28
typo,GPT-OSS-120B,at-least,16,33
typo,GPT-OSS-120B,at-least,16,56
typo,GPT-OSS-120B,at-least,16,47
typo,GPT-OSS-120B,at-least,16,31
typo,GPT-OSS-120B,at-least,16,28
typo,GPT-OSS-120B,at-least,16,101
typo,GPT-OSS-120B,at-least,16,19
typo,GPT-OSS-120B,at-least,16,89
typo,GPT-OSS-120B,at-least,16,33
typo,GPT-OSS-120B,at-least,16,41
typo,GPT-OSS-120B,at-least,16,29
typo,GPT-OSS-120B,at-least,16,57
typo,GPT-OSS-120B,at-least,16,21
typo,GPT-OSS-120B,at-least,16,19
typo,GPT-OSS-120B,at-least,16,35
typo,GPT-OSS-120B,at-least,16,148
typo,GPT-OSS-120B,at-least,16,80
typo,GPT-OSS-120B,at-least,16,30
typo,GPT-OSS-120B,at-least,16,37
typo,GPT-OSS-120B,at-least,16,80
typo,GPT-OSS-120B,at-least,16,31
typo,GPT-OSS-120B,at-least,16,35
typo,GPT-OSS-120B,at-least,16,162
typo,GPT-OSS-120B,at-least,16,61
typo,GPT-OSS-120B,at-least,16,130
typo,GPT-OSS-120B,at-least,16,50
typo,GPT-OSS-120B,at-least,16,42
typo,GPT-OSS-120B,at-least,16,47
typo,GPT-OSS-120B,at-least,16,29
typo,GPT-OSS-120B,at-least,16,28
typo,GPT-OSS-120B,at-least,16,36
typo,GPT-OSS-120B,at-least,16,43
typo,GPT-OSS-120B,at-least,16,26
typo,GPT-OSS-120B,at-least,16,33
typo,GPT-OSS-120B,at-least,16,30
typo,GPT-OSS-120B,at-least,16,27
typo,GPT-OSS-120B,at-least,16,43
typo,GPT-OSS-120B,at-least,16,32
typo,GPT-OSS-120B,at-least,16,26
typo,GPT-OSS-120B,at-least,16,31
typo,GPT-OSS-120B,at-least,16,43
typo,GPT-OSS-120B,at-least,16,109
typo,GPT-OSS-120B,at-least,16,49
typo,GPT-OSS-120B,at-least,16,55
typo,GPT-OSS-120B,at-least,16,160
typo,GPT-OSS-120B,at-least,16,36
typo,GPT-OSS-120B,at-least,16,49
typo,GPT-OSS-120B,at-least,16,97
typo,GPT-OSS-120B,at-least,16,65
typo,GPT-OSS-120B,at-least,16,86
typo,GPT-OSS-120B,at-least,16,43
typo,GPT-OSS-120B,at-least,16,59
typo,GPT-OSS-120B,at-least,16,136
typo,GPT-OSS-120B,at-least,16,93
typo,GPT-OSS-120B,at-least,16,71
typo,GPT-OSS-120B,at-least,16,40
typo,GPT-OSS-120B,at-least,16,24
typo,GPT-OSS-120B,at-least,16,56
typo,GPT-OSS-120B,at-least,16,116
typo,GPT-OSS-120B,at-least,16,68
typo,GPT-OSS-120B,at-least,16,21
typo,GPT-OSS-120B,at-least,16,73
typo,GLM-5.1,at-least,16,33
typo,GLM-5.1,at-least,16,46
typo,GLM-5.1,at-least,16,61
typo,GLM-5.1,at-least,16,20
typo,GLM-5.1,at-least,16,55
typo,GLM-5.1,at-least,16,25
typo,GLM-5.1,at-least,16,49
typo,GLM-5.1,at-least,16,19
typo,GLM-5.1,at-least,16,112
typo,GLM-5.1,at-least,16,27
typo,GLM-5.1,at-least,16,52
typo,GLM-5.1,at-least,16,73
typo,GLM-5.1,at-least,16,18
typo,GLM-5.1,at-least,16,41
typo,GLM-5.1,at-least,16,62
typo,GLM-5.1,at-least,16,42
typo,GLM-5.1,at-least,16,37
typo,GLM-5.1,at-least,16,26
typo,GLM-5.1,at-least,16,34
typo,GLM-5.1,at-least,16,57
typo,GLM-5.1,at-least,16,43
typo,GLM-5.1,at-least,16,20
typo,GLM-5.1,at-least,16,24
typo,GLM-5.1,at-least,16,70
typo,GLM-5.1,at-least,16,58
typo,GLM-5.1,at-least,16,32
typo,GLM-5.1,at-least,16,53
typo,GLM-5.1,at-least,16,43
typo,GLM-5.1,at-least,16,97
typo,GLM-5.1,at-least,16,20
typo,GLM-5.1,at-least,16,32
typo,GLM-5.1,at-least,16,55
typo,GLM-5.1,at-least,16,37
typo,GLM-5.1,at-least,16,31
typo,GLM-5.1,at-least,16,53
typo,GLM-5.1,at-least,16,29
typo,GLM-5.1,at-least,16,46
typo,GLM-5.1,at-least,16,41
typo,GLM-5.1,at-least,16,62
typo,GLM-5.1,at-least,16,29
typo,GLM-5.1,at-least,16,68
typo,GLM-5.1,at-least,16,21
typo,GLM-5.1,at-least,16,26
typo,GLM-5.1,at-least,16,27
typo,GLM-5.1,at-least,16,81
typo,GLM-5.1,at-least,16,85
typo,GLM-5.1,at-least,16,21
typo,GLM-5.1,at-least,16,106
typo,GLM-5.1,at-least,16,39
typo,GLM-5.1,at-least,16,28
typo,GLM-5.1,at-least,16,25
typo,GLM-5.1,at-least,16,53
typo,GLM-5.1,at-least,16,93
typo,GLM-5.1,at-least,16,131
typo,GLM-5.1,at-least,16,28
typo,GLM-5.1,at-least,16,94
typo,GLM-5.1,at-least,16,51
typo,GLM-5.1,at-least,16,75
typo,GLM-5.1,at-least,16,25
typo,GLM-5.1,at-least,16,30
typo,GLM-5.1,at-least,16,21
typo,GLM-5.1,at-least,16,31
typo,GLM-5.1,at-least,16,23
typo,GLM-5.1,at-least,16,21
typo,GLM-5.1,at-least,16,23
typo,GLM-5.1,at-least,16,19
typo,GLM-5.1,at-least,16,20
typo,GLM-5.1,at-least,16,23
typo,GLM-5.1,at-least,16,19
typo,GLM-5.1,at-least,16,29
typo,GLM-5.1,at-least,16,25
typo,GLM-5.1,at-least,16,21
typo,GLM-5.1,at-least,16,18
typo,GLM-5.1,at-least,16,25
typo,GLM-5.1,at-least,16,29
typo,GLM-5.1,at-least,16,18
typo,GLM-5.1,at-least,16,22
typo,GLM-5.1,at-least,16,35
typo,GLM-5.1,at-least,16,18
typo,GLM-5.1,at-least,16,43
typo,GLM-5.1,at-least,16,20
typo,GLM-5.1,at-least,16,21
typo,GLM-5.1,at-least,16,21
typo,GLM-5.1,at-least,16,23
typo,GLM-5.1,at-least,16,23
typo,GLM-5.1,at-least,16,27
typo,GLM-5.1,at-least,16,35
typo,GLM-5.1,at-least,16,22
typo,GLM-5.1,at-least,16,18
typo,GLM-5.1,at-least,16,25
typo,GLM-5.1,at-least,16,20
typo,GLM-5.1,at-least,16,25
typo,GLM-5.1,at-least,16,26
typo,GLM-5.1,at-least,16,25
typo,GLM-5.1,at-least,16,32
typo,GLM-5.1,at-least,16,26
typo,GLM-5.1,at-least,16,29
typo,GLM-5.1,at-least,16,18
typo,GLM-5.1,at-least,16,20
typo,GLM-5.1,at-least,16,35
typo,GLM-5.1,at-least,16,27
typo,GLM-5.1,at-least,16,24
typo,GLM-5.1,at-least,16,21
typo,GLM-5.1,at-least,16,22
typo,GLM-5.1,at-least,16,23
typo,GLM-5.1,at-least,16,21
typo,GLM-5.1,at-least,16,32
typo,GLM-5.1,at-least,16,19
typo,GLM-5.1,at-least,16,22
typo,GLM-5.1,at-least,16,32
typo,GLM-5.1,at-least,16,20
typo,GLM-5.1,at-least,16,25
typo,GLM-5.1,at-least,16,26
typo,GLM-5.1,at-least,16,27
typo,GLM-5.1,at-least,16,33
typo,GLM-5.1,at-least,16,22
typo,GLM-5.1,at-least,16,25
typo,GLM-5.1,at-least,16,22
typo,GLM-5.1,at-least,16,58
typo,GLM-5.1,at-least,16,29
typo,GLM-5.1,at-least,16,26
typo,GLM-5.1,at-least,16,93
typo,GLM-5.1,at-least,16,28
typo,GLM-5.1,at-least,16,27
typo,GLM-5.1,at-least,16,22
typo,GLM-5.1,at-least,16,21
typo,GLM-5.1,at-least,16,59
typo,GLM-5.1,at-least,16,71
typo,GLM-5.1,at-least,16,31
typo,GLM-5.1,at-least,16,28
typo,GLM-5.1,at-least,16,29
typo,GLM-5.1,at-least,16,32
typo,GLM-5.1,at-least,16,78
typo,GLM-5.1,at-least,16,27
typo,GLM-5.1,at-least,16,44
typo,GLM-5.1,at-least,16,54
typo,GLM-5.1,at-least,16,33
typo,GLM-5.1,at-least,16,28
typo,GLM-5.1,at-least,16,57
typo,GLM-5.1,at-least,16,30
typo,GLM-5.1,at-least,16,68
typo,GLM-5.1,at-least,16,28
typo,GLM-5.1,at-least,16,32
typo,GLM-5.1,at-least,16,42
typo,GLM-5.1,at-least,16,108
typo,GLM-5.1,at-least,16,35
typo,GLM-5.1,at-least,16,28
typo,GLM-5.1,at-least,16,81
typo,GLM-5.1,at-least,16,32
typo,GLM-5.1,at-least,16,22
typo,GLM-5.1,at-least,16,26
typo,GLM-5.1,at-least,16,34
typo,GLM-5.1,at-least,16,22
typo,GLM-5.1,at-least,16,51
typo,GLM-5.1,at-least,16,37
typo,GLM-5.1,at-least,16,30
typo,GLM-5.1,at-least,16,74
typo,GLM-5.1,at-least,16,57
typo,GLM-5.1,at-least,16,28
typo,GLM-5.1,at-least,16,23
typo,GLM-5.1,at-least,16,28
typo,GLM-5.1,at-least,16,24
typo,GLM-5.1,at-least,16,31
typo,GLM-5.1,at-least,16,61
typo,GLM-5.1,at-least,16,31
typo,GLM-5.1,at-least,16,20
typo,GLM-5.1,at-least,16,33
typo,GLM-5.1,at-least,16,24
typo,GLM-5.1,at-least,16,20
typo,GLM-5.1,at-least,16,26
typo,GLM-5.1,at-least,16,43
typo,GLM-5.1,at-least,16,22
typo,GLM-5.1,at-least,16,21
typo,GLM-5.1,at-least,16,45
typo,GLM-5.1,at-least,16,23
typo,GLM-5.1,at-least,16,49
typo,GLM-5.1,at-least,16,34
typo,GLM-5.1,at-least,16,28
baseline,GPT-OSS-120B,at-most,16,14
baseline,GPT-OSS-120B,at-most,16,16
baseline,GPT-OSS-120B,at-most,16,16
baseline,GPT-OSS-120B,at-most,16,15
baseline,GPT-OSS-120B,at-most,16,15
baseline,GPT-OSS-120B,at-most,16,14
baseline,GPT-OSS-120B,at-most,16,16
baseline,GPT-OSS-120B,at-most,16,14
baseline,GPT-OSS-120B,at-most,16,17
baseline,GPT-OSS-120B,at-most,16,15
baseline,GPT-OSS-120B,at-most,16,13
baseline,GPT-OSS-120B,at-most,16,14
baseline,GPT-OSS-120B,at-most,16,13
baseline,GPT-OSS-120B,at-most,16,14
baseline,GPT-OSS-120B,at-most,16,15
baseline,GPT-OSS-120B,at-most,16,16
baseline,GPT-OSS-120B,at-most,16,15
baseline,GPT-OSS-120B,at-most,16,14
baseline,GPT-OSS-120B,at-most,16,15
baseline,GPT-OSS-120B,at-most,16,12
baseline,GPT-OSS-120B,at-most,16,15
baseline,GPT-OSS-120B,at-most,16,13
baseline,GPT-OSS-120B,at-most,16,13
baseline,GPT-OSS-120B,at-most,16,14
baseline,GPT-OSS-120B,at-most,16,16
baseline,GPT-OSS-120B,at-most,16,12
baseline,GPT-OSS-120B,at-most,16,15
baseline,GPT-OSS-120B,at-most,16,15
baseline,GPT-OSS-120B,at-most,16,16
baseline,GPT-OSS-120B,at-most,16,15
baseline,GPT-OSS-120B,at-most,16,16
baseline,GPT-OSS-120B,at-most,16,13
baseline,GPT-OSS-120B,at-most,16,16
baseline,GPT-OSS-120B,at-most,16,17
baseline,GPT-OSS-120B,at-most,16,15
baseline,GPT-OSS-120B,at-most,16,15
baseline,GPT-OSS-120B,at-most,16,16
baseline,GPT-OSS-120B,at-most,16,15
baseline,GPT-OSS-120B,at-most,16,15
baseline,GPT-OSS-120B,at-most,16,13
baseline,GPT-OSS-120B,at-most,16,16
baseline,GPT-OSS-120B,at-most,16,14
baseline,GPT-OSS-120B,at-most,16,16
baseline,GPT-OSS-120B,at-most,16,17
baseline,GPT-OSS-120B,at-most,16,14
baseline,GPT-OSS-120B,at-most,16,14
baseline,GPT-OSS-120B,at-most,16,15
baseline,GPT-OSS-120B,at-most,16,16
baseline,GPT-OSS-120B,at-most,16,13
baseline,GPT-OSS-120B,at-most,16,16
baseline,GPT-OSS-120B,at-most,16,16
baseline,GPT-OSS-120B,at-most,16,14
baseline,GPT-OSS-120B,at-most,16,12
baseline,GPT-OSS-120B,at-most,16,16
baseline,GPT-OSS-120B,at-most,16,16
baseline,GPT-OSS-120B,at-most,16,12
baseline,GPT-OSS-120B,at-most,16,14
baseline,GPT-OSS-120B,at-most,16,15
baseline,GPT-OSS-120B,at-most,16,14
baseline,GPT-OSS-120B,at-most,16,14
baseline,GPT-OSS-120B,at-most,16,12
baseline,GPT-OSS-120B,at-most,16,13
baseline,GPT-OSS-120B,at-most,16,15
baseline,GPT-OSS-120B,at-most,16,15
baseline,GPT-OSS-120B,at-most,16,16
baseline,GPT-OSS-120B,at-most,16,16
baseline,GPT-OSS-120B,at-most,16,9
baseline,GPT-OSS-120B,at-most,16,14
baseline,GPT-OSS-120B,at-most,16,15
baseline,GPT-OSS-120B,at-most,16,15
baseline,GPT-OSS-120B,at-most,16,16
baseline,GPT-OSS-120B,at-most,16,14
baseline,GPT-OSS-120B,at-most,16,13
baseline,GPT-OSS-120B,at-most,16,15
baseline,GPT-OSS-120B,at-most,16,14
baseline,GPT-OSS-120B,at-most,16,13
baseline,GPT-OSS-120B,at-most,16,16
baseline,GPT-OSS-120B,at-most,16,12
baseline,GPT-OSS-120B,at-most,16,12
baseline,GPT-OSS-120B,at-most,16,15
baseline,GPT-OSS-120B,at-most,16,15
baseline,GPT-OSS-120B,at-most,16,14
baseline,GPT-OSS-120B,at-most,16,13
baseline,GPT-OSS-120B,at-most,16,13
baseline,GPT-OSS-120B,at-most,16,16
baseline,GPT-OSS-120B,at-most,16,14
baseline,GPT-OSS-120B,at-most,16,14
baseline,GPT-OSS-120B,at-most,16,14
baseline,GPT-OSS-120B,at-most,16,15
baseline,GPT-OSS-120B,at-most,16,14
baseline,GPT-OSS-120B,at-most,16,14
baseline,GPT-OSS-120B,at-most,16,13
baseline,GPT-OSS-120B,at-most,16,13
baseline,GPT-OSS-120B,at-most,16,13
baseline,GPT-OSS-120B,at-most,16,15
baseline,GPT-OSS-120B,at-most,16,13
baseline,GPT-OSS-120B,at-most,16,14
baseline,GPT-OSS-120B,at-most,16,14
baseline,GPT-OSS-120B,at-most,16,14
baseline,GPT-OSS-120B,at-most,16,12
baseline,GPT-OSS-120B,at-most,16,15
baseline,GPT-OSS-120B,at-most,16,12
baseline,GPT-OSS-120B,at-most,16,13
baseline,GPT-OSS-120B,at-most,16,14
baseline,GPT-OSS-120B,at-most,16,16
baseline,GPT-OSS-120B,at-most,16,15
baseline,GPT-OSS-120B,at-most,16,10
baseline,GPT-OSS-120B,at-most,16,16
baseline,GPT-OSS-120B,at-most,16,13
baseline,GPT-OSS-120B,at-most,16,15
baseline,GPT-OSS-120B,at-most,16,16
baseline,GPT-OSS-120B,at-most,16,14
baseline,GPT-OSS-120B,at-most,16,14
baseline,GPT-OSS-120B,at-most,16,12
baseline,GPT-OSS-120B,at-most,16,13
baseline,GPT-OSS-120B,at-most,16,11
baseline,GPT-OSS-120B,at-most,16,14
baseline,GPT-OSS-120B,at-most,16,10
baseline,GPT-OSS-120B,at-most,16,11
baseline,GPT-OSS-120B,at-most,16,14
baseline,GPT-OSS-120B,at-most,16,12
baseline,GPT-OSS-120B,at-most,16,4
baseline,GPT-OSS-120B,at-most,16,15
baseline,GPT-OSS-120B,at-most,16,13
baseline,GPT-OSS-120B,at-most,16,10
baseline,GPT-OSS-120B,at-most,16,15
baseline,GPT-OSS-120B,at-most,16,15
baseline,GPT-OSS-120B,at-most,16,9
baseline,GPT-OSS-120B,at-most,16,14
baseline,GPT-OSS-120B,at-most,16,17
baseline,GPT-OSS-120B,at-most,16,12
baseline,GPT-OSS-120B,at-most,16,15
baseline,GPT-OSS-120B,at-most,16,13
baseline,GPT-OSS-120B,at-most,16,13
baseline,GPT-OSS-120B,at-most,16,12
baseline,GPT-OSS-120B,at-most,16,16
baseline,GPT-OSS-120B,at-most,16,16
baseline,GPT-OSS-120B,at-most,16,13
baseline,GPT-OSS-120B,at-most,16,13
baseline,GPT-OSS-120B,at-most,16,14
baseline,GPT-OSS-120B,at-most,16,13
baseline,GPT-OSS-120B,at-most,16,11
baseline,GPT-OSS-120B,at-most,16,15
baseline,GPT-OSS-120B,at-most,16,13
baseline,GPT-OSS-120B,at-most,16,11
baseline,GPT-OSS-120B,at-most,16,13
baseline,GPT-OSS-120B,at-most,16,14
baseline,GPT-OSS-120B,at-most,16,14
baseline,GPT-OSS-120B,at-most,16,14
baseline,GPT-OSS-120B,at-most,16,11
baseline,GPT-OSS-120B,at-most,16,13
baseline,GPT-OSS-120B,at-most,16,10
baseline,GPT-OSS-120B,at-most,16,12
baseline,GPT-OSS-120B,at-most,16,15
baseline,GPT-OSS-120B,at-most,16,15
baseline,GPT-OSS-120B,at-most,16,17
baseline,GPT-OSS-120B,at-most,16,17
baseline,GPT-OSS-120B,at-most,16,15
baseline,GPT-OSS-120B,at-most,16,15
baseline,GPT-OSS-120B,at-most,16,15
baseline,GPT-OSS-120B,at-most,16,15
baseline,GPT-OSS-120B,at-most,16,16
baseline,GPT-OSS-120B,at-most,16,17
baseline,GPT-OSS-120B,at-most,16,18
baseline,GPT-OSS-120B,at-most,16,15
baseline,GPT-OSS-120B,at-most,16,13
baseline,GPT-OSS-120B,at-most,16,15
baseline,GPT-OSS-120B,at-most,16,16
baseline,GPT-OSS-120B,at-most,16,15
baseline,GPT-OSS-120B,at-most,16,16
baseline,GPT-OSS-120B,at-most,16,18
baseline,GPT-OSS-120B,at-least,16,105
baseline,GPT-OSS-120B,at-least,16,278
baseline,GPT-OSS-120B,at-least,16,99
baseline,GPT-OSS-120B,at-least,16,109
baseline,GPT-OSS-120B,at-least,16,113
baseline,GPT-OSS-120B,at-least,16,203
baseline,GPT-OSS-120B,at-least,16,171
baseline,GPT-OSS-120B,at-least,16,29
baseline,GPT-OSS-120B,at-least,16,235
baseline,GPT-OSS-120B,at-least,16,154
baseline,GPT-OSS-120B,at-least,16,87
baseline,GPT-OSS-120B,at-least,16,399
baseline,GPT-OSS-120B,at-least,16,28
baseline,GPT-OSS-120B,at-least,16,98
baseline,GPT-OSS-120B,at-least,16,110
baseline,GPT-OSS-120B,at-least,16,129
baseline,GPT-OSS-120B,at-least,16,141
baseline,GPT-OSS-120B,at-least,16,352
baseline,GPT-OSS-120B,at-least,16,52
baseline,GPT-OSS-120B,at-least,16,184
baseline,GPT-OSS-120B,at-least,16,195
baseline,GPT-OSS-120B,at-least,16,127
baseline,GPT-OSS-120B,at-least,16,109
baseline,GPT-OSS-120B,at-least,16,128
baseline,GPT-OSS-120B,at-least,16,105
baseline,GPT-OSS-120B,at-least,16,153
baseline,GPT-OSS-120B,at-least,16,253
baseline,GPT-OSS-120B,at-least,16,44
baseline,GPT-OSS-120B,at-least,16,120
baseline,GPT-OSS-120B,at-least,16,74
baseline,GPT-OSS-120B,at-least,16,50
baseline,GPT-OSS-120B,at-least,16,143
baseline,GPT-OSS-120B,at-least,16,90
baseline,GPT-OSS-120B,at-least,16,268
baseline,GPT-OSS-120B,at-least,16,121
baseline,GPT-OSS-120B,at-least,16,101
baseline,GPT-OSS-120B,at-least,16,87
baseline,GPT-OSS-120B,at-least,16,229
baseline,GPT-OSS-120B,at-least,16,200
baseline,GPT-OSS-120B,at-least,16,117
baseline,GPT-OSS-120B,at-least,16,130
baseline,GPT-OSS-120B,at-least,16,58
baseline,GPT-OSS-120B,at-least,16,194
baseline,GPT-OSS-120B,at-least,16,189
baseline,GPT-OSS-120B,at-least,16,181
baseline,GPT-OSS-120B,at-least,16,60
baseline,GPT-OSS-120B,at-least,16,194
baseline,GPT-OSS-120B,at-least,16,93
baseline,GPT-OSS-120B,at-least,16,143
baseline,GPT-OSS-120B,at-least,16,78
baseline,GPT-OSS-120B,at-least,16,63
baseline,GPT-OSS-120B,at-least,16,127
baseline,GPT-OSS-120B,at-least,16,162
baseline,GPT-OSS-120B,at-least,16,472
baseline,GPT-OSS-120B,at-least,16,30
baseline,GPT-OSS-120B,at-least,16,143
baseline,GPT-OSS-120B,at-least,16,71
baseline,GPT-OSS-120B,at-least,16,176
baseline,GPT-OSS-120B,at-least,16,67
baseline,GPT-OSS-120B,at-least,16,196
baseline,GPT-OSS-120B,at-least,16,34
baseline,GPT-OSS-120B,at-least,16,16
baseline,GPT-OSS-120B,at-least,16,31
baseline,GPT-OSS-120B,at-least,16,57
baseline,GPT-OSS-120B,at-least,16,18
baseline,GPT-OSS-120B,at-least,16,102
baseline,GPT-OSS-120B,at-least,16,59
baseline,GPT-OSS-120B,at-least,16,91
baseline,GPT-OSS-120B,at-least,16,24
baseline,GPT-OSS-120B,at-least,16,18
baseline,GPT-OSS-120B,at-least,16,29
baseline,GPT-OSS-120B,at-least,16,31
baseline,GPT-OSS-120B,at-least,16,29
baseline,GPT-OSS-120B,at-least,16,20
baseline,GPT-OSS-120B,at-least,16,27
baseline,GPT-OSS-120B,at-least,16,149
baseline,GPT-OSS-120B,at-least,16,97
baseline,GPT-OSS-120B,at-least,16,318
baseline,GPT-OSS-120B,at-least,16,21
baseline,GPT-OSS-120B,at-least,16,57
baseline,GPT-OSS-120B,at-least,16,16
baseline,GPT-OSS-120B,at-least,16,28
baseline,GPT-OSS-120B,at-least,16,30
baseline,GPT-OSS-120B,at-least,16,61
baseline,GPT-OSS-120B,at-least,16,90
baseline,GPT-OSS-120B,at-least,16,157
baseline,GPT-OSS-120B,at-least,16,90
baseline,GPT-OSS-120B,at-least,16,39
baseline,GPT-OSS-120B,at-least,16,17
baseline,GPT-OSS-120B,at-least,16,39
baseline,GPT-OSS-120B,at-least,16,94
baseline,GPT-OSS-120B,at-least,16,25
baseline,GPT-OSS-120B,at-least,16,28
baseline,GPT-OSS-120B,at-least,16,19
baseline,GPT-OSS-120B,at-least,16,20
baseline,GPT-OSS-120B,at-least,16,19
baseline,GPT-OSS-120B,at-least,16,92
baseline,GPT-OSS-120B,at-least,16,26
baseline,GPT-OSS-120B,at-least,16,22
baseline,GPT-OSS-120B,at-least,16,161
baseline,GPT-OSS-120B,at-least,16,25
baseline,GPT-OSS-120B,at-least,16,78
baseline,GPT-OSS-120B,at-least,16,24
baseline,GPT-OSS-120B,at-least,16,162
baseline,GPT-OSS-120B,at-least,16,17
baseline,GPT-OSS-120B,at-least,16,17
baseline,GPT-OSS-120B,at-least,16,43
baseline,GPT-OSS-120B,at-least,16,35
baseline,GPT-OSS-120B,at-least,16,53
baseline,GPT-OSS-120B,at-least,16,37
baseline,GPT-OSS-120B,at-least,16,19
baseline,GPT-OSS-120B,at-least,16,26
baseline,GPT-OSS-120B,at-least,16,30
baseline,GPT-OSS-120B,at-least,16,175
baseline,GPT-OSS-120B,at-least,16,45
baseline,GPT-OSS-120B,at-least,16,28
baseline,GPT-OSS-120B,at-least,16,105
baseline,GPT-OSS-120B,at-least,16,25
baseline,GPT-OSS-120B,at-least,16,49
baseline,GPT-OSS-120B,at-least,16,53
baseline,GPT-OSS-120B,at-least,16,32
baseline,GPT-OSS-120B,at-least,16,32
baseline,GPT-OSS-120B,at-least,16,30
baseline,GPT-OSS-120B,at-least,16,74
baseline,GPT-OSS-120B,at-least,16,39
baseline,GPT-OSS-120B,at-least,16,26
baseline,GPT-OSS-120B,at-least,16,20
baseline,GPT-OSS-120B,at-least,16,24
baseline,GPT-OSS-120B,at-least,16,27
baseline,GPT-OSS-120B,at-least,16,58
baseline,GPT-OSS-120B,at-least,16,23
baseline,GPT-OSS-120B,at-least,16,21
baseline,GPT-OSS-120B,at-least,16,30
baseline,GPT-OSS-120B,at-least,16,69
baseline,GPT-OSS-120B,at-least,16,51
baseline,GPT-OSS-120B,at-least,16,27
baseline,GPT-OSS-120B,at-least,16,30
baseline,GPT-OSS-120B,at-least,16,117
baseline,GPT-OSS-120B,at-least,16,20
baseline,GPT-OSS-120B,at-least,16,22
baseline,GPT-OSS-120B,at-least,16,121
baseline,GPT-OSS-120B,at-least,16,27
baseline,GPT-OSS-120B,at-least,16,142
baseline,GPT-OSS-120B,at-least,16,44
baseline,GPT-OSS-120B,at-least,16,34
baseline,GPT-OSS-120B,at-least,16,116
baseline,GPT-OSS-120B,at-least,16,37
baseline,GPT-OSS-120B,at-least,16,27
baseline,GPT-OSS-120B,at-least,16,54
baseline,GPT-OSS-120B,at-least,16,104
baseline,GPT-OSS-120B,at-least,16,18
baseline,GPT-OSS-120B,at-least,16,31
baseline,GPT-OSS-120B,at-least,16,27
baseline,GPT-OSS-120B,at-least,16,31
baseline,GPT-OSS-120B,at-least,16,32
baseline,GPT-OSS-120B,at-least,16,22
baseline,GPT-OSS-120B,at-least,16,29
baseline,GPT-OSS-120B,at-least,16,32
baseline,GPT-OSS-120B,at-least,16,10
baseline,GPT-OSS-120B,at-least,16,29
baseline,GPT-OSS-120B,at-least,16,138
baseline,GPT-OSS-120B,at-least,16,200
baseline,GPT-OSS-120B,at-least,16,204
baseline,GPT-OSS-120B,at-least,16,64
baseline,GPT-OSS-120B,at-least,16,153
baseline,GPT-OSS-120B,at-least,16,80
baseline,GPT-OSS-120B,at-least,16,54
baseline,GPT-OSS-120B,at-least,16,154
baseline,GPT-OSS-120B,at-least,16,54
baseline,GPT-OSS-120B,at-least,16,184
baseline,GPT-OSS-120B,at-least,16,118
baseline,GPT-OSS-120B,at-least,16,236
baseline,GPT-OSS-120B,at-least,16,126
baseline,GPT-OSS-120B,at-least,16,117
baseline,GPT-OSS-120B,at-least,16,56
baseline,GPT-OSS-120B,at-least,16,198
baseline,GPT-OSS-120B,at-least,16,514
baseline,GPT-OSS-120B,at-least,16,168
baseline,GPT-OSS-120B,at-least,16,53
baseline,GPT-OSS-120B,at-least,16,130
